Код региона,Название региона,Тип региона,Город,Кол-во людей,Поступило,Очное - Основные места,Средний,Очное - Целевая квота,Средний,Очное - Особая квота,Средний,Очное - Специальная квота,Средний,Очное - ДОУ,Средний,Заочное - Основные места,Средний,Заочное - Целевая квота,Средний,Заочное - Особая квота,Средний,Заочное - Специальная квота,Средний,Заочное - ДОУ,Средний,Очно-заочное - Основные места,Средний,Очно-заочное - Целевая квота,Средний,Очно-заочное - Особая квота,Средний,Очно-заочное - Специальная квота,Средний,Очно-заочное - ДОУ,Средний
1,Приморский,край,,12,0,0,0,0,0,0,0,0,0,0,0,0,0,0,0,0,0,0,0,0,0,0,0,0,0,0,0,0,0,0,0
10,Сахалинская,обл,,5,2,1,257,0,0,0,0,0,0,1,161,0,0,0,0,0,0,0,0,0,0,0,0,0,0,0,0,0,0,0,0
10,Сахалинская,обл,Холмск,2,0,0,0,0,0,0,0,0,0,0,0,0,0,0,0,0,0,0,0,0,0,0,0,0,0,0,0,0,0,0,0
10,Сахалинская,обл,Южно-Сахалинск,9,3,1,0,0,0,0,0,0,0,1,184,0,0,0,0,0,0,0,0,1,202,0,0,0,0,0,0,0,0,0,0
10,Сахалинская,обл,Корсаков,2,2,2,243,0,0,0,0,0,0,0,0,0,0,0,0,0,0,0,0,0,0,0,0,0,0,0,0,0,0,0,0
10,Сахалинская,обл,Оха,1,0,0,0,0,0,0,0,0,0,0,0,0,0,0,0,0,0,0,0,0,0,0,0,0,0,0,0,0,0,0,0
10,Сахалинская,обл,Северо-Курильск,1,0,0,0,0,0,0,0,0,0,0,0,0,0,0,0,0,0,0,0,0,0,0,0,0,0,0,0,0,0,0,0
11,Амурская,обл,,4,0,0,0,0,0,0,0,0,0,0,0,0,0,0,0,0,0,0,0,0,0,0,0,0,0,0,0,0,0,0,0
11,Амурская,обл,Белогорск,1,0,0,0,0,0,0,0,0,0,0,0,0,0,0,0,0,0,0,0,0,0,0,0,0,0,0,0,0,0,0,0
11,Амурская,обл,Свободный,1,1,1,223,0,0,0,0,0,0,0,0,0,0,0,0,0,0,0,0,0,0,0,0,0,0,0,0,0,0,0,0
11,Амурская,обл,Благовещенск,6,2,0,0,0,0,0,0,0,0,0,0,1,260,0,0,0,0,0,0,1,0,0,0,0,0,0,0,0,0,0,0
11,Амурская,обл,Циолковский,1,1,0,0,0,0,0,0,0,0,0,0,0,0,0,0,0,0,0,0,0,0,1,0,0,0,0,0,0,0,0,0
11,Амурская,обл,Тында,3,1,0,0,0,0,0,0,0,0,1,209,0,0,0,0,0,0,0,0,0,0,0,0,0,0,0,0,0,0,0,0
12,Чукотский,АО,,4,1,0,0,0,0,0,0,0,0,1,155,0,0,0,0,0,0,0,0,0,0,0,0,0,0,0,0,0,0,0,0
1,Приморский,край,Находка,8,2,2,218.5,0,0,0,0,0,0,0,0,0,0,0,0,0,0,0,0,0,0,0,0,0,0,0,0,0,0,0,0
12,Чукотский,АО,Анадырь,4,4,2,249.5,0,0,0,0,0,0,2,0,0,0,0,0,0,0,0,0,0,0,0,0,0,0,0,0,0,0,0,0
1,Приморский,край,Большой Камень,0,0,0,0,0,0,0,0,0,0,0,0,0,0,0,0,0,0,0,0,0,0,0,0,0,0,0,0,0,0,0,0
13,Курская,обл,,8,2,1,0,0,0,0,0,0,0,0,0,1,187,0,0,0,0,0,0,0,0,0,0,0,0,0,0,0,0,0,0
13,Курская,обл,Железногорск,2,1,1,202,0,0,0,0,0,0,0,0,0,0,0,0,0,0,0,0,0,0,0,0,0,0,0,0,0,0,0,0
13,Курская,обл,Курчатов,4,0,0,0,0,0,0,0,0,0,0,0,0,0,0,0,0,0,0,0,0,0,0,0,0,0,0,0,0,0,0,0
13,Курская,обл,Курск,11,4,4,197,0,0,0,0,0,0,0,0,0,0,0,0,0,0,0,0,0,0,0,0,0,0,0,0,0,0,0,0
1,Приморский,край,Дальнегорск,1,1,0,0,0,0,0,0,0,0,1,172,0,0,0,0,0,0,0,0,0,0,0,0,0,0,0,0,0,0,0,0
1,Приморский,край,Арсеньев,3,2,1,235,0,0,0,0,0,0,0,0,1,206,0,0,0,0,0,0,0,0,0,0,0,0,0,0,0,0,0,0
14,Владимирская,обл,,2,0,0,0,0,0,0,0,0,0,0,0,0,0,0,0,0,0,0,0,0,0,0,0,0,0,0,0,0,0,0,0
14,Владимирская,обл,Петушки,1,1,0,0,1,226,0,0,0,0,0,0,0,0,0,0,0,0,0,0,0,0,0,0,0,0,0,0,0,0,0,0
14,Владимирская,обл,Муром,4,1,1,196,0,0,0,0,0,0,0,0,0,0,0,0,0,0,0,0,0,0,0,0,0,0,0,0,0,0,0,0
1,Приморский,край,Артем,3,0,0,0,0,0,0,0,0,0,0,0,0,0,0,0,0,0,0,0,0,0,0,0,0,0,0,0,0,0,0,0
14,Владимирская,обл,Радужный,1,0,0,0,0,0,0,0,0,0,0,0,0,0,0,0,0,0,0,0,0,0,0,0,0,0,0,0,0,0,0,0
14,Владимирская,обл,Александров,1,0,0,0,0,0,0,0,0,0,0,0,0,0,0,0,0,0,0,0,0,0,0,0,0,0,0,0,0,0,0,0
14,Владимирская,обл,Ковров,12,5,3,239.33,1,145,0,0,0,0,1,181,0,0,0,0,0,0,0,0,0,0,0,0,0,0,0,0,0,0,0,0
14,Владимирская,обл,Владимир,3,1,0,0,1,189,0,0,0,0,0,0,0,0,0,0,0,0,0,0,0,0,0,0,0,0,0,0,0,0,0,0
14,Владимирская,обл,Гусь-Хрустальный,1,0,0,0,0,0,0,0,0,0,0,0,0,0,0,0,0,0,0,0,0,0,0,0,0,0,0,0,0,0,0,0
15,Новосибирская,обл,,4,2,2,216,0,0,0,0,0,0,0,0,0,0,0,0,0,0,0,0,0,0,0,0,0,0,0,0,0,0,0,0
15,Новосибирская,обл,Бердск,3,1,1,0,0,0,0,0,0,0,0,0,0,0,0,0,0,0,0,0,0,0,0,0,0,0,0,0,0,0,0,0
1,Приморский,край,Лесозаводск,1,0,0,0,0,0,0,0,0,0,0,0,0,0,0,0,0,0,0,0,0,0,0,0,0,0,0,0,0,0,0,0
15,Новосибирская,обл,Новосибирск,27,7,4,233.5,0,0,0,0,0,0,2,217,0,0,0,0,0,0,0,0,1,0,0,0,0,0,0,0,0,0,0,0
1,Приморский,край,Владивосток,20,3,2,215,0,0,0,0,0,0,0,0,0,0,0,0,0,0,0,0,1,268,0,0,0,0,0,0,0,0,0,0
1,Приморский,край,Уссурийск,6,1,0,0,0,0,0,0,0,0,1,233,0,0,0,0,0,0,0,0,0,0,0,0,0,0,0,0,0,0,0,0
16,Тульская,обл,,10,2,1,253,0,0,0,0,0,0,0,0,0,0,0,0,0,0,0,0,1,198,0,0,0,0,0,0,0,0,0,0
16,Тульская,обл,Суворов,1,0,0,0,0,0,0,0,0,0,0,0,0,0,0,0,0,0,0,0,0,0,0,0,0,0,0,0,0,0,0,0
16,Тульская,обл,Алексин,3,0,0,0,0,0,0,0,0,0,0,0,0,0,0,0,0,0,0,0,0,0,0,0,0,0,0,0,0,0,0,0
16,Тульская,обл,Киреевск,1,0,0,0,0,0,0,0,0,0,0,0,0,0,0,0,0,0,0,0,0,0,0,0,0,0,0,0,0,0,0,0
16,Тульская,обл,Донской,1,0,0,0,0,0,0,0,0,0,0,0,0,0,0,0,0,0,0,0,0,0,0,0,0,0,0,0,0,0,0,0
16,Тульская,обл,Новомосковск,5,2,1,180,0,0,0,0,0,0,0,0,0,0,0,0,0,0,0,0,1,0,0,0,0,0,0,0,0,0,0,0
16,Тульская,обл,Тула,6,2,1,205,0,0,0,0,0,0,1,265,0,0,0,0,0,0,0,0,0,0,0,0,0,0,0,0,0,0,0,0
1,Приморский,край,Партизанск,1,0,0,0,0,0,0,0,0,0,0,0,0,0,0,0,0,0,0,0,0,0,0,0,0,0,0,0,0,0,0,0
16,Тульская,обл,Узловая,1,0,0,0,0,0,0,0,0,0,0,0,0,0,0,0,0,0,0,0,0,0,0,0,0,0,0,0,0,0,0,0
16,Тульская,обл,Плавск,2,0,0,0,0,0,0,0,0,0,0,0,0,0,0,0,0,0,0,0,0,0,0,0,0,0,0,0,0,0,0,0
17,Ханты-Мансийский автономный округ - Югра,АО,,12,4,3,235,0,0,0,0,0,0,0,0,1,0,0,0,0,0,0,0,0,0,0,0,0,0,0,0,0,0,0,0
17,Ханты-Мансийский автономный округ - Югра,АО,Нижневартовск,16,2,1,243,0,0,0,0,0,0,1,237,0,0,0,0,0,0,0,0,0,0,0,0,0,0,0,0,0,0,0,0
17,Ханты-Мансийский автономный округ - Югра,АО,Югорск,2,0,0,0,0,0,0,0,0,0,0,0,0,0,0,0,0,0,0,0,0,0,0,0,0,0,0,0,0,0,0,0
17,Ханты-Мансийский автономный округ - Югра,АО,Белоярский,3,0,0,0,0,0,0,0,0,0,0,0,0,0,0,0,0,0,0,0,0,0,0,0,0,0,0,0,0,0,0,0
17,Ханты-Мансийский автономный округ - Югра,АО,Мегион,2,0,0,0,0,0,0,0,0,0,0,0,0,0,0,0,0,0,0,0,0,0,0,0,0,0,0,0,0,0,0,0
17,Ханты-Мансийский автономный округ - Югра,АО,Нягань,3,0,0,0,0,0,0,0,0,0,0,0,0,0,0,0,0,0,0,0,0,0,0,0,0,0,0,0,0,0,0,0
17,Ханты-Мансийский автономный округ - Югра,АО,Пыть-Ях,4,0,0,0,0,0,0,0,0,0,0,0,0,0,0,0,0,0,0,0,0,0,0,0,0,0,0,0,0,0,0,0
17,Ханты-Мансийский автономный округ - Югра,АО,Советский,2,0,0,0,0,0,0,0,0,0,0,0,0,0,0,0,0,0,0,0,0,0,0,0,0,0,0,0,0,0,0,0
17,Ханты-Мансийский автономный округ - Югра,АО,Покачи,1,0,0,0,0,0,0,0,0,0,0,0,0,0,0,0,0,0,0,0,0,0,0,0,0,0,0,0,0,0,0,0
17,Ханты-Мансийский автономный округ - Югра,АО,Лангепас,3,1,1,243,0,0,0,0,0,0,0,0,0,0,0,0,0,0,0,0,0,0,0,0,0,0,0,0,0,0,0,0
17,Ханты-Мансийский автономный округ - Югра,АО,Когалым,2,0,0,0,0,0,0,0,0,0,0,0,0,0,0,0,0,0,0,0,0,0,0,0,0,0,0,0,0,0,0,0
17,Ханты-Мансийский автономный округ - Югра,АО,Нефтеюганск,8,0,0,0,0,0,0,0,0,0,0,0,0,0,0,0,0,0,0,0,0,0,0,0,0,0,0,0,0,0,0,0
17,Ханты-Мансийский автономный округ - Югра,АО,Ханты-Мансийск,1,1,1,208,0,0,0,0,0,0,0,0,0,0,0,0,0,0,0,0,0,0,0,0,0,0,0,0,0,0,0,0
17,Ханты-Мансийский автономный округ - Югра,АО,Сургут,30,10,5,228.4,0,0,1,184,0,0,4,195.25,0,0,0,0,0,0,0,0,0,0,0,0,0,0,0,0,0,0,0,0
18,Калужская,обл,,5,0,0,0,0,0,0,0,0,0,0,0,0,0,0,0,0,0,0,0,0,0,0,0,0,0,0,0,0,0,0,0
18,Калужская,обл,Обнинск,2,1,0,0,0,0,0,0,0,0,1,243,0,0,0,0,0,0,0,0,0,0,0,0,0,0,0,0,0,0,0,0
18,Калужская,обл,Балабаново,1,0,0,0,0,0,0,0,0,0,0,0,0,0,0,0,0,0,0,0,0,0,0,0,0,0,0,0,0,0,0,0
18,Калужская,обл,Малоярославец,2,0,0,0,0,0,0,0,0,0,0,0,0,0,0,0,0,0,0,0,0,0,0,0,0,0,0,0,0,0,0,0
18,Калужская,обл,Калуга,8,0,0,0,0,0,0,0,0,0,0,0,0,0,0,0,0,0,0,0,0,0,0,0,0,0,0,0,0,0,0,0
19,Алтай,Респ,,0,0,0,0,0,0,0,0,0,0,0,0,0,0,0,0,0,0,0,0,0,0,0,0,0,0,0,0,0,0,0,0
19,Алтай,Респ,Горно-Алтайск,2,1,1,178,0,0,0,0,0,0,0,0,0,0,0,0,0,0,0,0,0,0,0,0,0,0,0,0,0,0,0,0
2,Архангельская,обл,,37,6,4,238.75,1,176,0,0,0,0,1,164,0,0,0,0,0,0,0,0,0,0,0,0,0,0,0,0,0,0,0,0
20,Астраханская,обл,,6,0,0,0,0,0,0,0,0,0,0,0,0,0,0,0,0,0,0,0,0,0,0,0,0,0,0,0,0,0,0,0
20,Астраханская,обл,Знаменск,2,1,1,193,0,0,0,0,0,0,0,0,0,0,0,0,0,0,0,0,0,0,0,0,0,0,0,0,0,0,0,0
20,Астраханская,обл,Астрахань,24,6,3,184.33,0,0,0,0,0,0,2,200.5,1,162,0,0,0,0,0,0,0,0,0,0,0,0,0,0,0,0,0,0
20,Астраханская,обл,Камызяк,1,0,0,0,0,0,0,0,0,0,0,0,0,0,0,0,0,0,0,0,0,0,0,0,0,0,0,0,0,0,0,0
21,Камчатский,край,,0,0,0,0,0,0,0,0,0,0,0,0,0,0,0,0,0,0,0,0,0,0,0,0,0,0,0,0,0,0,0,0
21,Камчатский,край,Вилючинск,2,0,0,0,0,0,0,0,0,0,0,0,0,0,0,0,0,0,0,0,0,0,0,0,0,0,0,0,0,0,0,0
21,Камчатский,край,Петропавловск-Камчатский,15,6,3,211.33,1,219,0,0,0,0,2,197,0,0,0,0,0,0,0,0,0,0,0,0,0,0,0,0,0,0,0,0
21,Камчатский,край,Елизово,3,1,0,0,0,0,0,0,0,0,1,163,0,0,0,0,0,0,0,0,0,0,0,0,0,0,0,0,0,0,0,0
22,Адыгея,Респ,,5,2,2,194,0,0,0,0,0,0,0,0,0,0,0,0,0,0,0,0,0,0,0,0,0,0,0,0,0,0,0,0
22,Адыгея,Респ,Майкоп,8,0,0,0,0,0,0,0,0,0,0,0,0,0,0,0,0,0,0,0,0,0,0,0,0,0,0,0,0,0,0,0
2,Архангельская,обл,Северодвинск,38,13,8,194,2,228,0,0,0,0,2,177.5,0,0,0,0,0,0,0,0,0,0,0,0,0,0,0,0,0,0,1,185
23,Кабардино-Балкарская,Респ,,3,0,0,0,0,0,0,0,0,0,0,0,0,0,0,0,0,0,0,0,0,0,0,0,0,0,0,0,0,0,0,0
23,Кабардино-Балкарская,Респ,Нальчик,1,0,0,0,0,0,0,0,0,0,0,0,0,0,0,0,0,0,0,0,0,0,0,0,0,0,0,0,0,0,0,0
23,Кабардино-Балкарская,Респ,Нарткала,1,0,0,0,0,0,0,0,0,0,0,0,0,0,0,0,0,0,0,0,0,0,0,0,0,0,0,0,0,0,0,0
23,Кабардино-Балкарская,Респ,Баксан,1,0,0,0,0,0,0,0,0,0,0,0,0,0,0,0,0,0,0,0,0,0,0,0,0,0,0,0,0,0,0,0
2,Архангельская,обл,Новодвинск,1,0,0,0,0,0,0,0,0,0,0,0,0,0,0,0,0,0,0,0,0,0,0,0,0,0,0,0,0,0,0,0
2,Архангельская,обл,Коряжма,7,0,0,0,0,0,0,0,0,0,0,0,0,0,0,0,0,0,0,0,0,0,0,0,0,0,0,0,0,0,0,0
23,Кабардино-Балкарская,Респ,Прохладный,1,0,0,0,0,0,0,0,0,0,0,0,0,0,0,0,0,0,0,0,0,0,0,0,0,0,0,0,0,0,0,0
24,Чувашская Республика - Чувашия,,,7,1,1,203,0,0,0,0,0,0,0,0,0,0,0,0,0,0,0,0,0,0,0,0,0,0,0,0,0,0,0,0
24,Чувашская Республика - Чувашия,,Канаш,3,0,0,0,0,0,0,0,0,0,0,0,0,0,0,0,0,0,0,0,0,0,0,0,0,0,0,0,0,0,0,0
2,Архангельская,обл,Онега,2,1,1,179,0,0,0,0,0,0,0,0,0,0,0,0,0,0,0,0,0,0,0,0,0,0,0,0,0,0,0,0
24,Чувашская Республика - Чувашия,,Шумерля,1,0,0,0,0,0,0,0,0,0,0,0,0,0,0,0,0,0,0,0,0,0,0,0,0,0,0,0,0,0,0,0
24,Чувашская Республика - Чувашия,,Новочебоксарск,1,0,0,0,0,0,0,0,0,0,0,0,0,0,0,0,0,0,0,0,0,0,0,0,0,0,0,0,0,0,0,0
2,Архангельская,обл,Котлас,9,0,0,0,0,0,0,0,0,0,0,0,0,0,0,0,0,0,0,0,0,0,0,0,0,0,0,0,0,0,0,0
2,Архангельская,обл,Архангельск,35,7,5,201,0,0,0,0,0,0,0,0,0,0,0,0,0,0,0,0,1,180,1,0,0,0,0,0,0,0,0,0
24,Чувашская Республика - Чувашия,,Ядрин,0,0,0,0,0,0,0,0,0,0,0,0,0,0,0,0,0,0,0,0,0,0,0,0,0,0,0,0,0,0,0,0
24,Чувашская Республика - Чувашия,,Алатырь,1,0,0,0,0,0,0,0,0,0,0,0,0,0,0,0,0,0,0,0,0,0,0,0,0,0,0,0,0,0,0,0
24,Чувашская Республика - Чувашия,,Чебоксары,18,2,2,237.5,0,0,0,0,0,0,0,0,0,0,0,0,0,0,0,0,0,0,0,0,0,0,0,0,0,0,0,0
25,Башкортостан,Респ,,19,5,4,230,0,0,0,0,0,0,0,0,0,0,0,0,0,0,0,0,0,0,0,0,0,0,0,0,0,0,1,188
25,Башкортостан,Респ,Ишимбай,4,0,0,0,0,0,0,0,0,0,0,0,0,0,0,0,0,0,0,0,0,0,0,0,0,0,0,0,0,0,0,0
25,Башкортостан,Респ,Салават,3,2,2,211,0,0,0,0,0,0,0,0,0,0,0,0,0,0,0,0,0,0,0,0,0,0,0,0,0,0,0,0
25,Башкортостан,Респ,Бирск,1,0,0,0,0,0,0,0,0,0,0,0,0,0,0,0,0,0,0,0,0,0,0,0,0,0,0,0,0,0,0,0
25,Башкортостан,Респ,Белебей,1,1,1,0,0,0,0,0,0,0,0,0,0,0,0,0,0,0,0,0,0,0,0,0,0,0,0,0,0,0,0,0
25,Башкортостан,Респ,Уфа,32,6,2,227,0,0,0,0,0,0,3,192.33,1,0,0,0,0,0,0,0,0,0,0,0,0,0,0,0,0,0,0,0
25,Башкортостан,Респ,Дюртюли,1,0,0,0,0,0,0,0,0,0,0,0,0,0,0,0,0,0,0,0,0,0,0,0,0,0,0,0,0,0,0,0
25,Башкортостан,Респ,Октябрьский,8,2,1,252,0,0,0,0,0,0,1,224,0,0,0,0,0,0,0,0,0,0,0,0,0,0,0,0,0,0,0,0
25,Башкортостан,Респ,Кумертау,0,0,0,0,0,0,0,0,0,0,0,0,0,0,0,0,0,0,0,0,0,0,0,0,0,0,0,0,0,0,0,0
25,Башкортостан,Респ,Сибай,2,1,1,253,0,0,0,0,0,0,0,0,0,0,0,0,0,0,0,0,0,0,0,0,0,0,0,0,0,0,0,0
25,Башкортостан,Респ,Нефтекамск,1,0,0,0,0,0,0,0,0,0,0,0,0,0,0,0,0,0,0,0,0,0,0,0,0,0,0,0,0,0,0,0
25,Башкортостан,Респ,Мелеуз,3,2,2,193,0,0,0,0,0,0,0,0,0,0,0,0,0,0,0,0,0,0,0,0,0,0,0,0,0,0,0,0
25,Башкортостан,Респ,Стерлитамак,10,0,0,0,0,0,0,0,0,0,0,0,0,0,0,0,0,0,0,0,0,0,0,0,0,0,0,0,0,0,0,0
25,Башкортостан,Респ,Белорецк,6,0,0,0,0,0,0,0,0,0,0,0,0,0,0,0,0,0,0,0,0,0,0,0,0,0,0,0,0,0,0,0
25,Башкортостан,Респ,Туймазы,1,0,0,0,0,0,0,0,0,0,0,0,0,0,0,0,0,0,0,0,0,0,0,0,0,0,0,0,0,0,0,0
2,Архангельская,обл,Мезень,0,0,0,0,0,0,0,0,0,0,0,0,0,0,0,0,0,0,0,0,0,0,0,0,0,0,0,0,0,0,0,0
26,Белгородская,обл,,18,4,3,221.5,0,0,0,0,0,0,0,0,1,0,0,0,0,0,0,0,0,0,0,0,0,0,0,0,0,0,0,0
2,Архангельская,обл,Вельск,1,0,0,0,0,0,0,0,0,0,0,0,0,0,0,0,0,0,0,0,0,0,0,0,0,0,0,0,0,0,0,0
26,Белгородская,обл,Строитель,1,0,0,0,0,0,0,0,0,0,0,0,0,0,0,0,0,0,0,0,0,0,0,0,0,0,0,0,0,0,0,0
2,Архангельская,обл,Мирный,21,4,4,223.67,0,0,0,0,0,0,0,0,0,0,0,0,0,0,0,0,0,0,0,0,0,0,0,0,0,0,0,0
26,Белгородская,обл,Губкин,1,0,0,0,0,0,0,0,0,0,0,0,0,0,0,0,0,0,0,0,0,0,0,0,0,0,0,0,0,0,0,0
26,Белгородская,обл,Белгород,26,7,5,212,0,0,0,0,0,0,1,135,0,0,0,0,0,0,0,0,0,0,0,0,0,0,0,0,0,0,1,170
26,Белгородская,обл,Старый Оскол,15,1,1,226,0,0,0,0,0,0,0,0,0,0,0,0,0,0,0,0,0,0,0,0,0,0,0,0,0,0,0,0
26,Белгородская,обл,Шебекино,1,1,1,172,0,0,0,0,0,0,0,0,0,0,0,0,0,0,0,0,0,0,0,0,0,0,0,0,0,0,0,0
26,Белгородская,обл,Алексеевка,1,0,0,0,0,0,0,0,0,0,0,0,0,0,0,0,0,0,0,0,0,0,0,0,0,0,0,0,0,0,0,0
26,Белгородская,обл,Валуйки,1,0,0,0,0,0,0,0,0,0,0,0,0,0,0,0,0,0,0,0,0,0,0,0,0,0,0,0,0,0,0,0
27,Еврейская,Аобл,,1,0,0,0,0,0,0,0,0,0,0,0,0,0,0,0,0,0,0,0,0,0,0,0,0,0,0,0,0,0,0,0
27,Еврейская,Аобл,Биробиджан,6,0,0,0,0,0,0,0,0,0,0,0,0,0,0,0,0,0,0,0,0,0,0,0,0,0,0,0,0,0,0,0
28,Орловская,обл,,5,1,0,0,0,0,0,0,0,0,0,0,0,0,0,0,0,0,0,0,1,137,0,0,0,0,0,0,0,0,0,0
28,Орловская,обл,Болхов,0,0,0,0,0,0,0,0,0,0,0,0,0,0,0,0,0,0,0,0,0,0,0,0,0,0,0,0,0,0,0,0
28,Орловская,обл,Орёл,24,5,4,195.33,0,0,1,220,0,0,0,0,0,0,0,0,0,0,0,0,0,0,0,0,0,0,0,0,0,0,0,0
28,Орловская,обл,Ливны,2,0,0,0,0,0,0,0,0,0,0,0,0,0,0,0,0,0,0,0,0,0,0,0,0,0,0,0,0,0,0,0
28,Орловская,обл,Дмитровск,1,1,1,202,0,0,0,0,0,0,0,0,0,0,0,0,0,0,0,0,0,0,0,0,0,0,0,0,0,0,0,0
2,Архангельская,обл,Няндома,1,0,0,0,0,0,0,0,0,0,0,0,0,0,0,0,0,0,0,0,0,0,0,0,0,0,0,0,0,0,0,0
29,Курганская,обл,,2,1,1,210,0,0,0,0,0,0,0,0,0,0,0,0,0,0,0,0,0,0,0,0,0,0,0,0,0,0,0,0
29,Курганская,обл,Курган,6,0,0,0,0,0,0,0,0,0,0,0,0,0,0,0,0,0,0,0,0,0,0,0,0,0,0,0,0,0,0,0
29,Курганская,обл,Куртамыш,1,0,0,0,0,0,0,0,0,0,0,0,0,0,0,0,0,0,0,0,0,0,0,0,0,0,0,0,0,0,0,0
29,Курганская,обл,Шадринск,2,0,0,0,0,0,0,0,0,0,0,0,0,0,0,0,0,0,0,0,0,0,0,0,0,0,0,0,0,0,0,0
3,Ростовская,обл,,11,4,3,238.5,0,0,0,0,0,0,0,0,0,0,0,0,0,0,0,0,1,142,0,0,0,0,0,0,0,0,0,0
30,Ивановская,обл,,4,2,2,207,0,0,0,0,0,0,0,0,0,0,0,0,0,0,0,0,0,0,0,0,0,0,0,0,0,0,0,0
30,Ивановская,обл,Родники,1,0,0,0,0,0,0,0,0,0,0,0,0,0,0,0,0,0,0,0,0,0,0,0,0,0,0,0,0,0,0,0
30,Ивановская,обл,Шуя,2,1,0,0,0,0,1,214,0,0,0,0,0,0,0,0,0,0,0,0,0,0,0,0,0,0,0,0,0,0,0,0
30,Ивановская,обл,Иваново,11,2,2,210,0,0,0,0,0,0,0,0,0,0,0,0,0,0,0,0,0,0,0,0,0,0,0,0,0,0,0,0
30,Ивановская,обл,Заволжск,4,3,3,184,0,0,0,0,0,0,0,0,0,0,0,0,0,0,0,0,0,0,0,0,0,0,0,0,0,0,0,0
30,Ивановская,обл,Вичуга,1,0,0,0,0,0,0,0,0,0,0,0,0,0,0,0,0,0,0,0,0,0,0,0,0,0,0,0,0,0,0,0
30,Ивановская,обл,Кохма,2,1,1,252,0,0,0,0,0,0,0,0,0,0,0,0,0,0,0,0,0,0,0,0,0,0,0,0,0,0,0,0
30,Ивановская,обл,Тейково,1,1,1,233,0,0,0,0,0,0,0,0,0,0,0,0,0,0,0,0,0,0,0,0,0,0,0,0,0,0,0,0
30,Ивановская,обл,Южа,1,0,0,0,0,0,0,0,0,0,0,0,0,0,0,0,0,0,0,0,0,0,0,0,0,0,0,0,0,0,0,0
31,Забайкальский край Агинский Бурятский,округ,,0,0,0,0,0,0,0,0,0,0,0,0,0,0,0,0,0,0,0,0,0,0,0,0,0,0,0,0,0,0,0,0
32,Коми,Респ,,12,2,1,217,0,0,0,0,0,0,0,0,0,0,0,0,0,0,0,0,0,0,1,167,0,0,0,0,0,0,0,0
32,Коми,Респ,Печора,3,1,0,0,0,0,0,0,0,0,0,0,0,0,0,0,0,0,0,0,1,144,0,0,0,0,0,0,0,0,0,0
32,Коми,Респ,Усинск,8,2,2,220.5,0,0,0,0,0,0,0,0,0,0,0,0,0,0,0,0,0,0,0,0,0,0,0,0,0,0,0,0
32,Коми,Респ,Микунь,0,0,0,0,0,0,0,0,0,0,0,0,0,0,0,0,0,0,0,0,0,0,0,0,0,0,0,0,0,0,0,0
32,Коми,Респ,Инта,1,1,1,260,0,0,0,0,0,0,0,0,0,0,0,0,0,0,0,0,0,0,0,0,0,0,0,0,0,0,0,0
32,Коми,Респ,Ухта,20,6,2,0,1,162,0,0,0,0,1,231,1,0,0,0,0,0,0,0,1,0,0,0,0,0,0,0,0,0,0,0
32,Коми,Респ,Воркута,6,2,0,0,0,0,0,0,0,0,2,212,0,0,0,0,0,0,0,0,0,0,0,0,0,0,0,0,0,0,0,0
3,Ростовская,обл,Азов,1,1,1,0,0,0,0,0,0,0,0,0,0,0,0,0,0,0,0,0,0,0,0,0,0,0,0,0,0,0,0,0
32,Коми,Респ,Сосногорск,3,1,1,208,0,0,0,0,0,0,0,0,0,0,0,0,0,0,0,0,0,0,0,0,0,0,0,0,0,0,0,0
32,Коми,Респ,Сыктывкар,33,13,8,235.83,0,0,0,0,0,0,4,185.33,0,0,0,0,0,0,0,0,1,128,0,0,0,0,0,0,0,0,0,0
3,Ростовская,обл,Новошахтинск,1,0,0,0,0,0,0,0,0,0,0,0,0,0,0,0,0,0,0,0,0,0,0,0,0,0,0,0,0,0,0,0
33,Магаданская,обл,,3,2,0,0,0,0,0,0,0,0,2,219,0,0,0,0,0,0,0,0,0,0,0,0,0,0,0,0,0,0,0,0
3,Ростовская,обл,Новочеркасск,3,0,0,0,0,0,0,0,0,0,0,0,0,0,0,0,0,0,0,0,0,0,0,0,0,0,0,0,0,0,0,0
3,Ростовская,обл,Таганрог,6,2,1,202,1,207,0,0,0,0,0,0,0,0,0,0,0,0,0,0,0,0,0,0,0,0,0,0,0,0,0,0
33,Магаданская,обл,Сусуман,1,1,0,0,0,0,0,0,0,0,1,184,0,0,0,0,0,0,0,0,0,0,0,0,0,0,0,0,0,0,0,0
33,Магаданская,обл,Магадан,4,1,0,0,0,0,0,0,0,0,0,0,1,274,0,0,0,0,0,0,0,0,0,0,0,0,0,0,0,0,0,0
3,Ростовская,обл,Каменск-Шахтинский,3,2,1,231,1,223,0,0,0,0,0,0,0,0,0,0,0,0,0,0,0,0,0,0,0,0,0,0,0,0,0,0
34,Мурманская,обл,,15,5,3,173.67,0,0,0,0,1,246,0,0,0,0,0,0,0,0,0,0,0,0,1,0,0,0,0,0,0,0,0,0
34,Мурманская,обл,Мончегорск,10,2,0,0,0,0,0,0,0,0,2,188,0,0,0,0,0,0,0,0,0,0,0,0,0,0,0,0,0,0,0,0
34,Мурманская,обл,Ковдор,3,0,0,0,0,0,0,0,0,0,0,0,0,0,0,0,0,0,0,0,0,0,0,0,0,0,0,0,0,0,0,0
34,Мурманская,обл,Полярные Зори,11,1,0,0,0,0,0,0,0,0,1,207,0,0,0,0,0,0,0,0,0,0,0,0,0,0,0,0,0,0,0,0
34,Мурманская,обл,Кандалакша,8,1,0,0,0,0,0,0,0,0,1,219,0,0,0,0,0,0,0,0,0,0,0,0,0,0,0,0,0,0,0,0
34,Мурманская,обл,Мурманск,67,14,9,230,0,0,0,0,0,0,3,196.33,1,0,0,0,0,0,0,0,1,200,0,0,0,0,0,0,0,0,0,0
34,Мурманская,обл,Североморск,12,1,0,0,0,0,0,0,0,0,1,207,0,0,0,0,0,0,0,0,0,0,0,0,0,0,0,0,0,0,0,0
34,Мурманская,обл,Островной,1,0,0,0,0,0,0,0,0,0,0,0,0,0,0,0,0,0,0,0,0,0,0,0,0,0,0,0,0,0,0,0
34,Мурманская,обл,Кола,1,1,1,212,0,0,0,0,0,0,0,0,0,0,0,0,0,0,0,0,0,0,0,0,0,0,0,0,0,0,0,0
34,Мурманская,обл,Полярный,4,0,0,0,0,0,0,0,0,0,0,0,0,0,0,0,0,0,0,0,0,0,0,0,0,0,0,0,0,0,0,0
34,Мурманская,обл,Апатиты,11,1,0,0,0,0,0,0,0,0,0,0,1,197,0,0,0,0,0,0,0,0,0,0,0,0,0,0,0,0,0,0
34,Мурманская,обл,Оленегорск,5,1,1,234,0,0,0,0,0,0,0,0,0,0,0,0,0,0,0,0,0,0,0,0,0,0,0,0,0,0,0,0
34,Мурманская,обл,Гаджиево,5,0,0,0,0,0,0,0,0,0,0,0,0,0,0,0,0,0,0,0,0,0,0,0,0,0,0,0,0,0,0,0
34,Мурманская,обл,Заозерск,1,0,0,0,0,0,0,0,0,0,0,0,0,0,0,0,0,0,0,0,0,0,0,0,0,0,0,0,0,0,0,0
34,Мурманская,обл,Снежногорск,5,1,1,234,0,0,0,0,0,0,0,0,0,0,0,0,0,0,0,0,0,0,0,0,0,0,0,0,0,0,0,0
34,Мурманская,обл,Оленегорск-1,1,0,0,0,0,0,0,0,0,0,0,0,0,0,0,0,0,0,0,0,0,0,0,0,0,0,0,0,0,0,0,0
34,Мурманская,обл,Заполярный,1,0,0,0,0,0,0,0,0,0,0,0,0,0,0,0,0,0,0,0,0,0,0,0,0,0,0,0,0,0,0,0
34,Мурманская,обл,Кировск,11,6,2,235.5,0,0,0,0,0,0,2,225,1,0,0,0,0,0,0,0,1,190,0,0,0,0,0,0,0,0,0,0
34,Мурманская,обл,Оленегорск-2,1,0,0,0,0,0,0,0,0,0,0,0,0,0,0,0,0,0,0,0,0,0,0,0,0,0,0,0,0,0,0,0
3,Ростовская,обл,Батайск,1,0,0,0,0,0,0,0,0,0,0,0,0,0,0,0,0,0,0,0,0,0,0,0,0,0,0,0,0,0,0,0
35,Севастополь,г,,20,4,3,179,1,126,0,0,0,0,0,0,0,0,0,0,0,0,0,0,0,0,0,0,0,0,0,0,0,0,0,0
3,Ростовская,обл,Ростов-на-Дону,13,2,2,231,0,0,0,0,0,0,0,0,0,0,0,0,0,0,0,0,0,0,0,0,0,0,0,0,0,0,0,0
3,Ростовская,обл,Константиновск,1,0,0,0,0,0,0,0,0,0,0,0,0,0,0,0,0,0,0,0,0,0,0,0,0,0,0,0,0,0,0,0
3,Ростовская,обл,Донецк,1,1,1,177,0,0,0,0,0,0,0,0,0,0,0,0,0,0,0,0,0,0,0,0,0,0,0,0,0,0,0,0
3,Ростовская,обл,Гуково,5,2,2,215.5,0,0,0,0,0,0,0,0,0,0,0,0,0,0,0,0,0,0,0,0,0,0,0,0,0,0,0,0
36,Брянская,обл,,19,3,3,193.67,0,0,0,0,0,0,0,0,0,0,0,0,0,0,0,0,0,0,0,0,0,0,0,0,0,0,0,0
3,Ростовская,обл,Волгодонск,8,2,1,238,0,0,0,0,0,0,1,205,0,0,0,0,0,0,0,0,0,0,0,0,0,0,0,0,0,0,0,0
36,Брянская,обл,Фокино,1,0,0,0,0,0,0,0,0,0,0,0,0,0,0,0,0,0,0,0,0,0,0,0,0,0,0,0,0,0,0,0
3,Ростовская,обл,Аксай,1,0,0,0,0,0,0,0,0,0,0,0,0,0,0,0,0,0,0,0,0,0,0,0,0,0,0,0,0,0,0,0
3,Ростовская,обл,Морозовск,1,0,0,0,0,0,0,0,0,0,0,0,0,0,0,0,0,0,0,0,0,0,0,0,0,0,0,0,0,0,0,0
3,Ростовская,обл,Миллерово,1,0,0,0,0,0,0,0,0,0,0,0,0,0,0,0,0,0,0,0,0,0,0,0,0,0,0,0,0,0,0,0
36,Брянская,обл,Унеча,3,3,3,195,0,0,0,0,0,0,0,0,0,0,0,0,0,0,0,0,0,0,0,0,0,0,0,0,0,0,0,0
36,Брянская,обл,Клинцы,5,1,0,0,0,0,0,0,0,0,0,0,0,0,0,0,0,0,0,0,0,0,1,0,0,0,0,0,0,0,0,0
36,Брянская,обл,Мглин,1,0,0,0,0,0,0,0,0,0,0,0,0,0,0,0,0,0,0,0,0,0,0,0,0,0,0,0,0,0,0,0
3,Ростовская,обл,Шахты,4,2,0,0,0,0,1,192,0,0,1,194,0,0,0,0,0,0,0,0,0,0,0,0,0,0,0,0,0,0,0,0
36,Брянская,обл,Новозыбков,1,1,1,216,0,0,0,0,0,0,0,0,0,0,0,0,0,0,0,0,0,0,0,0,0,0,0,0,0,0,0,0
36,Брянская,обл,Брянск,21,4,2,246.5,0,0,0,0,0,0,2,214.5,0,0,0,0,0,0,0,0,0,0,0,0,0,0,0,0,0,0,0,0
36,Брянская,обл,Почеп,2,0,0,0,0,0,0,0,0,0,0,0,0,0,0,0,0,0,0,0,0,0,0,0,0,0,0,0,0,0,0,0
36,Брянская,обл,Злынка,2,1,1,236,0,0,0,0,0,0,0,0,0,0,0,0,0,0,0,0,0,0,0,0,0,0,0,0,0,0,0,0
37,Воронежская,обл,,16,2,2,197,0,0,0,0,0,0,0,0,0,0,0,0,0,0,0,0,0,0,0,0,0,0,0,0,0,0,0,0
37,Воронежская,обл,Россошь,2,1,1,0,0,0,0,0,0,0,0,0,0,0,0,0,0,0,0,0,0,0,0,0,0,0,0,0,0,0,0,0
37,Воронежская,обл,Семилуки,1,0,0,0,0,0,0,0,0,0,0,0,0,0,0,0,0,0,0,0,0,0,0,0,0,0,0,0,0,0,0,0
37,Воронежская,обл,Борисоглебск,2,0,0,0,0,0,0,0,0,0,0,0,0,0,0,0,0,0,0,0,0,0,0,0,0,0,0,0,0,0,0,0
37,Воронежская,обл,Павловск,1,1,0,0,0,0,0,0,0,0,0,0,1,243,0,0,0,0,0,0,0,0,0,0,0,0,0,0,0,0,0,0
37,Воронежская,обл,Острогожск,2,0,0,0,0,0,0,0,0,0,0,0,0,0,0,0,0,0,0,0,0,0,0,0,0,0,0,0,0,0,0,0
37,Воронежская,обл,Воронеж,9,1,0,0,1,216,0,0,0,0,0,0,0,0,0,0,0,0,0,0,0,0,0,0,0,0,0,0,0,0,0,0
38,Калининградская,обл,,14,2,1,227,0,0,0,0,0,0,0,0,0,0,0,0,0,0,0,0,1,195,0,0,0,0,0,0,0,0,0,0
38,Калининградская,обл,Балтийск,1,1,1,243,0,0,0,0,0,0,0,0,0,0,0,0,0,0,0,0,0,0,0,0,0,0,0,0,0,0,0,0
38,Калининградская,обл,Краснознаменск,1,1,1,237,0,0,0,0,0,0,0,0,0,0,0,0,0,0,0,0,0,0,0,0,0,0,0,0,0,0,0,0
38,Калининградская,обл,Гусев,1,1,0,0,0,0,0,0,0,0,1,256,0,0,0,0,0,0,0,0,0,0,0,0,0,0,0,0,0,0,0,0
38,Калининградская,обл,Неман,2,1,1,197,0,0,0,0,0,0,0,0,0,0,0,0,0,0,0,0,0,0,0,0,0,0,0,0,0,0,0,0
38,Калининградская,обл,Советск,3,1,1,245,0,0,0,0,0,0,0,0,0,0,0,0,0,0,0,0,0,0,0,0,0,0,0,0,0,0,0,0
38,Калининградская,обл,Калининград,44,11,5,229,3,214,0,0,0,0,1,159,0,0,0,0,0,0,0,0,2,0,0,0,0,0,0,0,0,0,0,0
38,Калининградская,обл,Гвардейск,2,1,0,0,0,0,0,0,0,0,1,212,0,0,0,0,0,0,0,0,0,0,0,0,0,0,0,0,0,0,0,0
38,Калининградская,обл,Полесск,1,0,0,0,0,0,0,0,0,0,0,0,0,0,0,0,0,0,0,0,0,0,0,0,0,0,0,0,0,0,0,0
38,Калининградская,обл,Гурьевск,4,1,0,0,1,176,0,0,0,0,0,0,0,0,0,0,0,0,0,0,0,0,0,0,0,0,0,0,0,0,0,0
38,Калининградская,обл,Пионерский,1,0,0,0,0,0,0,0,0,0,0,0,0,0,0,0,0,0,0,0,0,0,0,0,0,0,0,0,0,0,0,0
38,Калининградская,обл,Черняховск,1,0,0,0,0,0,0,0,0,0,0,0,0,0,0,0,0,0,0,0,0,0,0,0,0,0,0,0,0,0,0,0
38,Калининградская,обл,Зеленоградск,1,0,0,0,0,0,0,0,0,0,0,0,0,0,0,0,0,0,0,0,0,0,0,0,0,0,0,0,0,0,0,0
38,Калининградская,обл,Правдинск,2,0,0,0,0,0,0,0,0,0,0,0,0,0,0,0,0,0,0,0,0,0,0,0,0,0,0,0,0,0,0,0
39,Ингушетия,Респ,,1,0,0,0,0,0,0,0,0,0,0,0,0,0,0,0,0,0,0,0,0,0,0,0,0,0,0,0,0,0,0,0
4,Тамбовская,обл,,1,0,0,0,0,0,0,0,0,0,0,0,0,0,0,0,0,0,0,0,0,0,0,0,0,0,0,0,0,0,0,0
40,Москва,г,,50,13,6,181.5,1,195,0,0,0,0,1,199,2,161,0,0,0,0,0,0,2,202,1,0,0,0,0,0,0,0,0,0
40,Москва,г,Щербинка,2,1,0,0,0,0,0,0,0,0,1,189,0,0,0,0,0,0,0,0,0,0,0,0,0,0,0,0,0,0,0,0
40,Москва,г,Зеленоград,1,0,0,0,0,0,0,0,0,0,0,0,0,0,0,0,0,0,0,0,0,0,0,0,0,0,0,0,0,0,0,0
41,Рязанская,обл,,7,1,1,235,0,0,0,0,0,0,0,0,0,0,0,0,0,0,0,0,0,0,0,0,0,0,0,0,0,0,0,0
41,Рязанская,обл,Рязань,13,1,1,250,0,0,0,0,0,0,0,0,0,0,0,0,0,0,0,0,0,0,0,0,0,0,0,0,0,0,0,0
41,Рязанская,обл,Рыбное,1,0,0,0,0,0,0,0,0,0,0,0,0,0,0,0,0,0,0,0,0,0,0,0,0,0,0,0,0,0,0,0
4,Тамбовская,обл,Мичуринск,2,0,0,0,0,0,0,0,0,0,0,0,0,0,0,0,0,0,0,0,0,0,0,0,0,0,0,0,0,0,0,0
41,Рязанская,обл,Кораблино,1,0,0,0,0,0,0,0,0,0,0,0,0,0,0,0,0,0,0,0,0,0,0,0,0,0,0,0,0,0,0,0
42,Смоленская,обл,,10,5,4,223.5,0,0,0,0,0,0,0,0,0,0,0,0,0,0,0,0,1,0,0,0,0,0,0,0,0,0,0,0
4,Тамбовская,обл,Рассказово,3,0,0,0,0,0,0,0,0,0,0,0,0,0,0,0,0,0,0,0,0,0,0,0,0,0,0,0,0,0,0,0
42,Смоленская,обл,Дорогобуж,1,1,1,195,0,0,0,0,0,0,0,0,0,0,0,0,0,0,0,0,0,0,0,0,0,0,0,0,0,0,0,0
42,Смоленская,обл,Десногорск,1,0,0,0,0,0,0,0,0,0,0,0,0,0,0,0,0,0,0,0,0,0,0,0,0,0,0,0,0,0,0,0
42,Смоленская,обл,Рославль,2,2,2,190.5,0,0,0,0,0,0,0,0,0,0,0,0,0,0,0,0,0,0,0,0,0,0,0,0,0,0,0,0
42,Смоленская,обл,Гагарин,1,1,1,0,0,0,0,0,0,0,0,0,0,0,0,0,0,0,0,0,0,0,0,0,0,0,0,0,0,0,0,0
42,Смоленская,обл,Вязьма,2,1,0,0,0,0,0,0,0,0,1,211,0,0,0,0,0,0,0,0,0,0,0,0,0,0,0,0,0,0,0,0
42,Смоленская,обл,Ярцево,2,0,0,0,0,0,0,0,0,0,0,0,0,0,0,0,0,0,0,0,0,0,0,0,0,0,0,0,0,0,0,0
42,Смоленская,обл,Сафоново,3,1,1,211,0,0,0,0,0,0,0,0,0,0,0,0,0,0,0,0,0,0,0,0,0,0,0,0,0,0,0,0
42,Смоленская,обл,Смоленск,19,3,3,182,0,0,0,0,0,0,0,0,0,0,0,0,0,0,0,0,0,0,0,0,0,0,0,0,0,0,0,0
43,Омская,обл,,3,1,1,205,0,0,0,0,0,0,0,0,0,0,0,0,0,0,0,0,0,0,0,0,0,0,0,0,0,0,0,0
43,Омская,обл,Омск,29,9,9,211.67,0,0,0,0,0,0,0,0,0,0,0,0,0,0,0,0,0,0,0,0,0,0,0,0,0,0,0,0
43,Омская,обл,Калачинск,1,0,0,0,0,0,0,0,0,0,0,0,0,0,0,0,0,0,0,0,0,0,0,0,0,0,0,0,0,0,0,0
43,Омская,обл,Исилькуль,2,2,1,209,0,0,0,0,0,0,0,0,0,0,0,0,0,0,0,0,1,0,0,0,0,0,0,0,0,0,0,0
44,Коми-Пермяцкий,АО,,0,0,0,0,0,0,0,0,0,0,0,0,0,0,0,0,0,0,0,0,0,0,0,0,0,0,0,0,0,0,0,0
4,Тамбовская,обл,Уварово,2,0,0,0,0,0,0,0,0,0,0,0,0,0,0,0,0,0,0,0,0,0,0,0,0,0,0,0,0,0,0,0
45,Тверская,обл,,16,3,2,181.5,0,0,0,0,0,0,0,0,0,0,0,0,0,0,0,0,0,0,1,0,0,0,0,0,0,0,0,0
45,Тверская,обл,Торопец,2,1,1,223,0,0,0,0,0,0,0,0,0,0,0,0,0,0,0,0,0,0,0,0,0,0,0,0,0,0,0,0
45,Тверская,обл,Осташков,1,0,0,0,0,0,0,0,0,0,0,0,0,0,0,0,0,0,0,0,0,0,0,0,0,0,0,0,0,0,0,0
45,Тверская,обл,Весьегонск,2,0,0,0,0,0,0,0,0,0,0,0,0,0,0,0,0,0,0,0,0,0,0,0,0,0,0,0,0,0,0,0
45,Тверская,обл,Вышний Волочек,3,2,2,198,0,0,0,0,0,0,0,0,0,0,0,0,0,0,0,0,0,0,0,0,0,0,0,0,0,0,0,0
45,Тверская,обл,Андреаполь,2,1,1,0,0,0,0,0,0,0,0,0,0,0,0,0,0,0,0,0,0,0,0,0,0,0,0,0,0,0,0,0
45,Тверская,обл,Кувшиново,1,0,0,0,0,0,0,0,0,0,0,0,0,0,0,0,0,0,0,0,0,0,0,0,0,0,0,0,0,0,0,0
45,Тверская,обл,Тверь,17,1,1,171,0,0,0,0,0,0,0,0,0,0,0,0,0,0,0,0,0,0,0,0,0,0,0,0,0,0,0,0
45,Тверская,обл,Удомля,3,0,0,0,0,0,0,0,0,0,0,0,0,0,0,0,0,0,0,0,0,0,0,0,0,0,0,0,0,0,0,0
45,Тверская,обл,Лихославль,2,0,0,0,0,0,0,0,0,0,0,0,0,0,0,0,0,0,0,0,0,0,0,0,0,0,0,0,0,0,0,0
45,Тверская,обл,Конаково,1,0,0,0,0,0,0,0,0,0,0,0,0,0,0,0,0,0,0,0,0,0,0,0,0,0,0,0,0,0,0,0
45,Тверская,обл,Нелидово,2,0,0,0,0,0,0,0,0,0,0,0,0,0,0,0,0,0,0,0,0,0,0,0,0,0,0,0,0,0,0,0
45,Тверская,обл,Западная Двина,3,1,0,0,0,0,0,0,0,0,0,0,0,0,0,0,0,0,0,0,1,0,0,0,0,0,0,0,0,0,0,0
45,Тверская,обл,Кашин,1,0,0,0,0,0,0,0,0,0,0,0,0,0,0,0,0,0,0,0,0,0,0,0,0,0,0,0,0,0,0,0
45,Тверская,обл,Ржев,1,1,0,0,0,0,0,0,0,0,0,0,0,0,0,0,0,0,0,0,1,0,0,0,0,0,0,0,0,0,0,0
45,Тверская,обл,Бологое,7,1,0,0,0,0,0,0,0,0,0,0,0,0,0,0,0,0,0,0,0,0,1,0,0,0,0,0,0,0,0,0
46,Костромская,обл,,9,1,1,0,0,0,0,0,0,0,0,0,0,0,0,0,0,0,0,0,0,0,0,0,0,0,0,0,0,0,0,0
4,Тамбовская,обл,Тамбов,4,2,0,0,0,0,0,0,0,0,0,0,1,0,0,0,0,0,0,0,1,215,0,0,0,0,0,0,0,0,0,0
46,Костромская,обл,Кострома,20,2,1,194,0,0,0,0,0,0,1,171,0,0,0,0,0,0,0,0,0,0,0,0,0,0,0,0,0,0,0,0
46,Костромская,обл,Галич,1,0,0,0,0,0,0,0,0,0,0,0,0,0,0,0,0,0,0,0,0,0,0,0,0,0,0,0,0,0,0,0
4,Тамбовская,обл,Котовск,2,0,0,0,0,0,0,0,0,0,0,0,0,0,0,0,0,0,0,0,0,0,0,0,0,0,0,0,0,0,0,0
46,Костромская,обл,Нерехта,3,2,1,171,0,0,0,0,0,0,0,0,1,177,0,0,0,0,0,0,0,0,0,0,0,0,0,0,0,0,0,0
46,Костромская,обл,Шарья,1,0,0,0,0,0,0,0,0,0,0,0,0,0,0,0,0,0,0,0,0,0,0,0,0,0,0,0,0,0,0,0
47,Липецкая,обл,,5,1,0,0,0,0,0,0,0,0,1,176,0,0,0,0,0,0,0,0,0,0,0,0,0,0,0,0,0,0,0,0
47,Липецкая,обл,Елец,3,1,1,169,0,0,0,0,0,0,0,0,0,0,0,0,0,0,0,0,0,0,0,0,0,0,0,0,0,0,0,0
47,Липецкая,обл,Грязи,1,1,0,0,0,0,0,0,0,0,1,206,0,0,0,0,0,0,0,0,0,0,0,0,0,0,0,0,0,0,0,0
47,Липецкая,обл,Липецк,21,7,5,199.4,1,281,0,0,0,0,0,0,1,0,0,0,0,0,0,0,0,0,0,0,0,0,0,0,0,0,0,0
48,Томская,обл,,1,0,0,0,0,0,0,0,0,0,0,0,0,0,0,0,0,0,0,0,0,0,0,0,0,0,0,0,0,0,0,0
48,Томская,обл,Стрежевой,6,1,0,0,0,0,0,0,0,0,1,214,0,0,0,0,0,0,0,0,0,0,0,0,0,0,0,0,0,0,0,0
48,Томская,обл,Северск,1,0,0,0,0,0,0,0,0,0,0,0,0,0,0,0,0,0,0,0,0,0,0,0,0,0,0,0,0,0,0,0
48,Томская,обл,Томск,8,2,2,208,0,0,0,0,0,0,0,0,0,0,0,0,0,0,0,0,0,0,0,0,0,0,0,0,0,0,0,0
49,Красноярский,край,,2,2,1,216,0,0,0,0,0,0,1,162,0,0,0,0,0,0,0,0,0,0,0,0,0,0,0,0,0,0,0,0
49,Красноярский,край,Канск,1,0,0,0,0,0,0,0,0,0,0,0,0,0,0,0,0,0,0,0,0,0,0,0,0,0,0,0,0,0,0,0
49,Красноярский,край,Минусинск,4,0,0,0,0,0,0,0,0,0,0,0,0,0,0,0,0,0,0,0,0,0,0,0,0,0,0,0,0,0,0,0
49,Красноярский,край,Зеленогорск,3,1,0,0,1,196,0,0,0,0,0,0,0,0,0,0,0,0,0,0,0,0,0,0,0,0,0,0,0,0,0,0
49,Красноярский,край,Норильск,15,3,1,232,0,0,0,0,0,0,2,193.5,0,0,0,0,0,0,0,0,0,0,0,0,0,0,0,0,0,0,0,0
49,Красноярский,край,Лесосибирск,1,0,0,0,0,0,0,0,0,0,0,0,0,0,0,0,0,0,0,0,0,0,0,0,0,0,0,0,0,0,0,0
49,Красноярский,край,Красноярск,20,4,2,226,1,0,0,0,0,0,0,0,1,188,0,0,0,0,0,0,0,0,0,0,0,0,0,0,0,0,0,0
49,Красноярский,край,Бородино,1,0,0,0,0,0,0,0,0,0,0,0,0,0,0,0,0,0,0,0,0,0,0,0,0,0,0,0,0,0,0,0
49,Красноярский,край,Железногорск,15,5,2,199,0,0,0,0,0,0,3,172,0,0,0,0,0,0,0,0,0,0,0,0,0,0,0,0,0,0,0,0
49,Красноярский,край,Сосновоборск,1,0,0,0,0,0,0,0,0,0,0,0,0,0,0,0,0,0,0,0,0,0,0,0,0,0,0,0,0,0,0,0
5,Ненецкий,АО,,2,0,0,0,0,0,0,0,0,0,0,0,0,0,0,0,0,0,0,0,0,0,0,0,0,0,0,0,0,0,0,0
50,Татарстан,Респ,,4,1,1,199,0,0,0,0,0,0,0,0,0,0,0,0,0,0,0,0,0,0,0,0,0,0,0,0,0,0,0,0
50,Татарстан,Респ,Бавлы,2,0,0,0,0,0,0,0,0,0,0,0,0,0,0,0,0,0,0,0,0,0,0,0,0,0,0,0,0,0,0,0
50,Татарстан,Респ,Зеленодольск,5,1,1,266,0,0,0,0,0,0,0,0,0,0,0,0,0,0,0,0,0,0,0,0,0,0,0,0,0,0,0,0
50,Татарстан,Респ,Заинск,1,1,1,172,0,0,0,0,0,0,0,0,0,0,0,0,0,0,0,0,0,0,0,0,0,0,0,0,0,0,0,0
50,Татарстан,Респ,Елабуга,3,0,0,0,0,0,0,0,0,0,0,0,0,0,0,0,0,0,0,0,0,0,0,0,0,0,0,0,0,0,0,0
50,Татарстан,Респ,Нижнекамск,5,1,1,230,0,0,0,0,0,0,0,0,0,0,0,0,0,0,0,0,0,0,0,0,0,0,0,0,0,0,0,0
50,Татарстан,Респ,Набережные Челны,28,9,7,221.5,0,0,0,0,0,0,1,178,0,0,0,0,0,0,0,0,0,0,1,205,0,0,0,0,0,0,0,0
50,Татарстан,Респ,Альметьевск,3,0,0,0,0,0,0,0,0,0,0,0,0,0,0,0,0,0,0,0,0,0,0,0,0,0,0,0,0,0,0,0
50,Татарстан,Респ,Лаишево,1,0,0,0,0,0,0,0,0,0,0,0,0,0,0,0,0,0,0,0,0,0,0,0,0,0,0,0,0,0,0,0
50,Татарстан,Респ,Казань,15,1,1,248,0,0,0,0,0,0,0,0,0,0,0,0,0,0,0,0,0,0,0,0,0,0,0,0,0,0,0,0
50,Татарстан,Респ,Бугульма,3,0,0,0,0,0,0,0,0,0,0,0,0,0,0,0,0,0,0,0,0,0,0,0,0,0,0,0,0,0,0,0
50,Татарстан,Респ,Лениногорск,1,0,0,0,0,0,0,0,0,0,0,0,0,0,0,0,0,0,0,0,0,0,0,0,0,0,0,0,0,0,0,0
51,Забайкальский,край,,5,1,1,224,0,0,0,0,0,0,0,0,0,0,0,0,0,0,0,0,0,0,0,0,0,0,0,0,0,0,0,0
51,Забайкальский,край,Борзя,1,0,0,0,0,0,0,0,0,0,0,0,0,0,0,0,0,0,0,0,0,0,0,0,0,0,0,0,0,0,0,0
51,Забайкальский,край,Краснокаменск,0,0,0,0,0,0,0,0,0,0,0,0,0,0,0,0,0,0,0,0,0,0,0,0,0,0,0,0,0,0,0,0
51,Забайкальский,край,Чита,11,4,2,205,0,0,0,0,0,0,2,178,0,0,0,0,0,0,0,0,0,0,0,0,0,0,0,0,0,0,0,0
52,Саратовская,обл,,7,0,0,0,0,0,0,0,0,0,0,0,0,0,0,0,0,0,0,0,0,0,0,0,0,0,0,0,0,0,0,0
52,Саратовская,обл,Пугачев,1,1,0,0,0,0,0,0,0,0,1,204,0,0,0,0,0,0,0,0,0,0,0,0,0,0,0,0,0,0,0,0
52,Саратовская,обл,Балашов,4,0,0,0,0,0,0,0,0,0,0,0,0,0,0,0,0,0,0,0,0,0,0,0,0,0,0,0,0,0,0,0
52,Саратовская,обл,Саратов,19,3,2,205,0,0,0,0,0,0,0,0,0,0,0,0,0,0,0,0,1,139,0,0,0,0,0,0,0,0,0,0
52,Саратовская,обл,Энгельс,5,0,0,0,0,0,0,0,0,0,0,0,0,0,0,0,0,0,0,0,0,0,0,0,0,0,0,0,0,0,0,0
52,Саратовская,обл,Вольск,2,0,0,0,0,0,0,0,0,0,0,0,0,0,0,0,0,0,0,0,0,0,0,0,0,0,0,0,0,0,0,0
52,Саратовская,обл,Красноармейск,1,0,0,0,0,0,0,0,0,0,0,0,0,0,0,0,0,0,0,0,0,0,0,0,0,0,0,0,0,0,0,0
52,Саратовская,обл,Балаково,9,2,0,0,0,0,0,0,0,0,0,0,0,0,0,0,0,0,0,0,1,192,0,0,0,0,0,0,0,0,1,155
5,Ненецкий,АО,Нарьян-Мар,4,3,2,202,0,0,0,0,0,0,1,202,0,0,0,0,0,0,0,0,0,0,0,0,0,0,0,0,0,0,0,0
53,Хабаровский,край,,2,1,1,205,0,0,0,0,0,0,0,0,0,0,0,0,0,0,0,0,0,0,0,0,0,0,0,0,0,0,0,0
53,Хабаровский,край,Хабаровск,26,2,1,253,0,0,0,0,0,0,1,199,0,0,0,0,0,0,0,0,0,0,0,0,0,0,0,0,0,0,0,0
53,Хабаровский,край,Советская Гавань,1,0,0,0,0,0,0,0,0,0,0,0,0,0,0,0,0,0,0,0,0,0,0,0,0,0,0,0,0,0,0,0
53,Хабаровский,край,Комсомольск-на-Амуре,11,1,1,204,0,0,0,0,0,0,0,0,0,0,0,0,0,0,0,0,0,0,0,0,0,0,0,0,0,0,0,0
54,Ямало-Ненецкий,АО,,5,2,0,0,1,265,0,0,0,0,1,153,0,0,0,0,0,0,0,0,0,0,0,0,0,0,0,0,0,0,0,0
54,Ямало-Ненецкий,АО,Новый Уренгой,10,2,1,183,0,0,0,0,0,0,1,256,0,0,0,0,0,0,0,0,0,0,0,0,0,0,0,0,0,0,0,0
54,Ямало-Ненецкий,АО,Салехард,2,0,0,0,0,0,0,0,0,0,0,0,0,0,0,0,0,0,0,0,0,0,0,0,0,0,0,0,0,0,0,0
54,Ямало-Ненецкий,АО,Ноябрьск,9,1,1,169,0,0,0,0,0,0,0,0,0,0,0,0,0,0,0,0,0,0,0,0,0,0,0,0,0,0,0,0
54,Ямало-Ненецкий,АО,Муравленко,1,0,0,0,0,0,0,0,0,0,0,0,0,0,0,0,0,0,0,0,0,0,0,0,0,0,0,0,0,0,0,0
54,Ямало-Ненецкий,АО,Надым,7,5,2,172,0,0,0,0,0,0,3,171.33,0,0,0,0,0,0,0,0,0,0,0,0,0,0,0,0,0,0,0,0
54,Ямало-Ненецкий,АО,Тарко-Сале,2,0,0,0,0,0,0,0,0,0,0,0,0,0,0,0,0,0,0,0,0,0,0,0,0,0,0,0,0,0,0,0
55,Корякский,АО,,0,0,0,0,0,0,0,0,0,0,0,0,0,0,0,0,0,0,0,0,0,0,0,0,0,0,0,0,0,0,0,0
56,Пензенская,обл,,2,0,0,0,0,0,0,0,0,0,0,0,0,0,0,0,0,0,0,0,0,0,0,0,0,0,0,0,0,0,0,0
56,Пензенская,обл,Пенза,12,0,0,0,0,0,0,0,0,0,0,0,0,0,0,0,0,0,0,0,0,0,0,0,0,0,0,0,0,0,0,0
56,Пензенская,обл,Заречный,3,1,1,0,0,0,0,0,0,0,0,0,0,0,0,0,0,0,0,0,0,0,0,0,0,0,0,0,0,0,0,0
56,Пензенская,обл,Никольск,0,0,0,0,0,0,0,0,0,0,0,0,0,0,0,0,0,0,0,0,0,0,0,0,0,0,0,0,0,0,0,0
57,Кемеровская область - Кузбасс,обл,,5,1,1,256,0,0,0,0,0,0,0,0,0,0,0,0,0,0,0,0,0,0,0,0,0,0,0,0,0,0,0,0
57,Кемеровская область - Кузбасс,обл,Таштагол,1,1,0,0,0,0,0,0,0,0,0,0,0,0,0,0,0,0,0,0,1,233,0,0,0,0,0,0,0,0,0,0
57,Кемеровская область - Кузбасс,обл,Гурьевск,2,0,0,0,0,0,0,0,0,0,0,0,0,0,0,0,0,0,0,0,0,0,0,0,0,0,0,0,0,0,0,0
57,Кемеровская область - Кузбасс,обл,Ленинск-Кузнецкий,4,3,1,248,0,0,1,180,0,0,0,0,0,0,0,0,0,0,0,0,0,0,1,211,0,0,0,0,0,0,0,0
57,Кемеровская область - Кузбасс,обл,Березовский,1,0,0,0,0,0,0,0,0,0,0,0,0,0,0,0,0,0,0,0,0,0,0,0,0,0,0,0,0,0,0,0
57,Кемеровская область - Кузбасс,обл,Новокузнецк,12,2,2,255.5,0,0,0,0,0,0,0,0,0,0,0,0,0,0,0,0,0,0,0,0,0,0,0,0,0,0,0,0
57,Кемеровская область - Кузбасс,обл,Междуреченск,2,0,0,0,0,0,0,0,0,0,0,0,0,0,0,0,0,0,0,0,0,0,0,0,0,0,0,0,0,0,0,0
57,Кемеровская область - Кузбасс,обл,Белово,5,1,1,242,0,0,0,0,0,0,0,0,0,0,0,0,0,0,0,0,0,0,0,0,0,0,0,0,0,0,0,0
57,Кемеровская область - Кузбасс,обл,Кемерово,16,2,1,0,0,0,0,0,0,0,1,208,0,0,0,0,0,0,0,0,0,0,0,0,0,0,0,0,0,0,0,0
57,Кемеровская область - Кузбасс,обл,Прокопьевск,5,1,0,0,1,223,0,0,0,0,0,0,0,0,0,0,0,0,0,0,0,0,0,0,0,0,0,0,0,0,0,0
58,Северная Осетия - Алания,Респ,,3,1,1,195,0,0,0,0,0,0,0,0,0,0,0,0,0,0,0,0,0,0,0,0,0,0,0,0,0,0,0,0
58,Северная Осетия - Алания,Респ,Ардон,1,1,1,220,0,0,0,0,0,0,0,0,0,0,0,0,0,0,0,0,0,0,0,0,0,0,0,0,0,0,0,0
58,Северная Осетия - Алания,Респ,Владикавказ,9,1,1,163,0,0,0,0,0,0,0,0,0,0,0,0,0,0,0,0,0,0,0,0,0,0,0,0,0,0,0,0
58,Северная Осетия - Алания,Респ,Моздок,3,0,0,0,0,0,0,0,0,0,0,0,0,0,0,0,0,0,0,0,0,0,0,0,0,0,0,0,0,0,0,0
59,Санкт-Петербург,г,,2816,938,446,210.49,71,210.35,10,194.22,1,180,227,192.85,54,227.68,0,0,0,0,0,0,76,200.42,48,219.29,0,0,1,0,0,0,5,191.8
59,Санкт-Петербург,г,Красное Село,25,6,5,199.4,0,0,0,0,0,0,0,0,0,0,0,0,0,0,0,0,1,211,0,0,0,0,0,0,0,0,0,0
59,Санкт-Петербург,г,Петергоф,37,11,9,234,1,133,0,0,0,0,0,0,1,0,0,0,0,0,0,0,0,0,0,0,0,0,0,0,0,0,0,0
59,Санкт-Петербург,г,Пушкин,40,12,5,218.25,1,174,0,0,0,0,5,169.2,0,0,0,0,0,0,0,0,1,167,0,0,0,0,0,0,0,0,0,0
59,Санкт-Петербург,г,Колпино,67,17,9,202.75,0,0,1,238,0,0,3,165.33,0,0,0,0,0,0,0,0,1,0,0,0,0,0,0,0,0,0,3,168
59,Санкт-Петербург,г,Зеленогорск,5,0,0,0,0,0,0,0,0,0,0,0,0,0,0,0,0,0,0,0,0,0,0,0,0,0,0,0,0,0,0,0
59,Санкт-Петербург,г,Кронштадт,26,13,8,189.83,0,0,0,0,0,0,3,188.33,0,0,0,0,0,0,0,0,1,194,1,0,0,0,0,0,0,0,0,0
59,Санкт-Петербург,г,Ломоносов,21,7,6,188,0,0,0,0,0,0,1,211,0,0,0,0,0,0,0,0,0,0,0,0,0,0,0,0,0,0,0,0
59,Санкт-Петербург,г,Петродворец,0,0,0,0,0,0,0,0,0,0,0,0,0,0,0,0,0,0,0,0,0,0,0,0,0,0,0,0,0,0,0,0
59,Санкт-Петербург,г,Сестрорецк,15,4,3,197.33,0,0,0,0,0,0,1,211,0,0,0,0,0,0,0,0,0,0,0,0,0,0,0,0,0,0,0,0
59,Санкт-Петербург,г,Павловск,13,2,1,235,1,256,0,0,0,0,0,0,0,0,0,0,0,0,0,0,0,0,0,0,0,0,0,0,0,0,0,0
6,Карелия,Респ,,16,2,1,207,0,0,0,0,0,0,1,175,0,0,0,0,0,0,0,0,0,0,0,0,0,0,0,0,0,0,0,0
60,Удмуртская,Респ,,12,2,0,0,0,0,0,0,0,0,0,0,1,183,0,0,0,0,0,0,1,236,0,0,0,0,0,0,0,0,0,0
60,Удмуртская,Респ,Сарапул,3,2,2,198.5,0,0,0,0,0,0,0,0,0,0,0,0,0,0,0,0,0,0,0,0,0,0,0,0,0,0,0,0
60,Удмуртская,Респ,Глазов,6,0,0,0,0,0,0,0,0,0,0,0,0,0,0,0,0,0,0,0,0,0,0,0,0,0,0,0,0,0,0,0
60,Удмуртская,Респ,Можга,3,0,0,0,0,0,0,0,0,0,0,0,0,0,0,0,0,0,0,0,0,0,0,0,0,0,0,0,0,0,0,0
60,Удмуртская,Респ,Ижевск,19,2,2,253.5,0,0,0,0,0,0,0,0,0,0,0,0,0,0,0,0,0,0,0,0,0,0,0,0,0,0,0,0
60,Удмуртская,Респ,Воткинск,3,1,1,199,0,0,0,0,0,0,0,0,0,0,0,0,0,0,0,0,0,0,0,0,0,0,0,0,0,0,0,0
61,Волгоградская,обл,,14,4,3,199.5,0,0,0,0,0,0,0,0,1,234,0,0,0,0,0,0,0,0,0,0,0,0,0,0,0,0,0,0
61,Волгоградская,обл,Волгоград,18,2,2,225.5,0,0,0,0,0,0,0,0,0,0,0,0,0,0,0,0,0,0,0,0,0,0,0,0,0,0,0,0
61,Волгоградская,обл,Котово,1,0,0,0,0,0,0,0,0,0,0,0,0,0,0,0,0,0,0,0,0,0,0,0,0,0,0,0,0,0,0,0
61,Волгоградская,обл,Михайловка,3,0,0,0,0,0,0,0,0,0,0,0,0,0,0,0,0,0,0,0,0,0,0,0,0,0,0,0,0,0,0,0
61,Волгоградская,обл,Камышин,3,1,1,223,0,0,0,0,0,0,0,0,0,0,0,0,0,0,0,0,0,0,0,0,0,0,0,0,0,0,0,0
61,Волгоградская,обл,Калач-на-Дону,1,0,0,0,0,0,0,0,0,0,0,0,0,0,0,0,0,0,0,0,0,0,0,0,0,0,0,0,0,0,0,0
61,Волгоградская,обл,Краснослободск,1,0,0,0,0,0,0,0,0,0,0,0,0,0,0,0,0,0,0,0,0,0,0,0,0,0,0,0,0,0,0,0
61,Волгоградская,обл,Жирновск,1,0,0,0,0,0,0,0,0,0,0,0,0,0,0,0,0,0,0,0,0,0,0,0,0,0,0,0,0,0,0,0
6,Карелия,Респ,Пудож,1,0,0,0,0,0,0,0,0,0,0,0,0,0,0,0,0,0,0,0,0,0,0,0,0,0,0,0,0,0,0,0
61,Волгоградская,обл,Фролово,1,1,1,191,0,0,0,0,0,0,0,0,0,0,0,0,0,0,0,0,0,0,0,0,0,0,0,0,0,0,0,0
61,Волгоградская,обл,Новоаннинский,1,0,0,0,0,0,0,0,0,0,0,0,0,0,0,0,0,0,0,0,0,0,0,0,0,0,0,0,0,0,0,0
61,Волгоградская,обл,Волжский,6,3,3,236.33,0,0,0,0,0,0,0,0,0,0,0,0,0,0,0,0,0,0,0,0,0,0,0,0,0,0,0,0
62,Псковская,обл,,22,4,4,218.5,0,0,0,0,0,0,0,0,0,0,0,0,0,0,0,0,0,0,0,0,0,0,0,0,0,0,0,0
62,Псковская,обл,Дно,2,1,1,178,0,0,0,0,0,0,0,0,0,0,0,0,0,0,0,0,0,0,0,0,0,0,0,0,0,0,0,0
62,Псковская,обл,Великие Луки,23,8,5,217.5,0,0,0,0,0,0,1,179,0,0,0,0,0,0,0,0,1,0,0,0,0,0,0,0,0,0,1,182
62,Псковская,обл,Новосокольники,2,0,0,0,0,0,0,0,0,0,0,0,0,0,0,0,0,0,0,0,0,0,0,0,0,0,0,0,0,0,0,0
6,Карелия,Респ,Сегежа,2,0,0,0,0,0,0,0,0,0,0,0,0,0,0,0,0,0,0,0,0,0,0,0,0,0,0,0,0,0,0,0
62,Псковская,обл,Печоры,0,0,0,0,0,0,0,0,0,0,0,0,0,0,0,0,0,0,0,0,0,0,0,0,0,0,0,0,0,0,0,0
62,Псковская,обл,Псков,44,15,10,205.57,2,163.5,0,0,0,0,0,0,2,189,0,0,0,0,0,0,1,200,0,0,0,0,0,0,0,0,0,0
62,Псковская,обл,Гдов,1,0,0,0,0,0,0,0,0,0,0,0,0,0,0,0,0,0,0,0,0,0,0,0,0,0,0,0,0,0,0,0
62,Псковская,обл,Великие Луки-1,1,0,0,0,0,0,0,0,0,0,0,0,0,0,0,0,0,0,0,0,0,0,0,0,0,0,0,0,0,0,0,0
62,Псковская,обл,Остров,4,1,0,0,0,0,0,0,0,0,1,197,0,0,0,0,0,0,0,0,0,0,0,0,0,0,0,0,0,0,0,0
62,Псковская,обл,Порхов,1,1,1,206,0,0,0,0,0,0,0,0,0,0,0,0,0,0,0,0,0,0,0,0,0,0,0,0,0,0,0,0
62,Псковская,обл,Опочка,2,0,0,0,0,0,0,0,0,0,0,0,0,0,0,0,0,0,0,0,0,0,0,0,0,0,0,0,0,0,0,0
62,Псковская,обл,Невель,1,0,0,0,0,0,0,0,0,0,0,0,0,0,0,0,0,0,0,0,0,0,0,0,0,0,0,0,0,0,0,0
63,Иркутская,обл,,13,2,0,0,0,0,0,0,0,0,2,186,0,0,0,0,0,0,0,0,0,0,0,0,0,0,0,0,0,0,0,0
63,Иркутская,обл,Тулун,1,0,0,0,0,0,0,0,0,0,0,0,0,0,0,0,0,0,0,0,0,0,0,0,0,0,0,0,0,0,0,0
63,Иркутская,обл,Чунский,1,0,0,0,0,0,0,0,0,0,0,0,0,0,0,0,0,0,0,0,0,0,0,0,0,0,0,0,0,0,0,0
6,Карелия,Респ,Кемь,2,0,0,0,0,0,0,0,0,0,0,0,0,0,0,0,0,0,0,0,0,0,0,0,0,0,0,0,0,0,0,0
63,Иркутская,обл,Байкальск,1,0,0,0,0,0,0,0,0,0,0,0,0,0,0,0,0,0,0,0,0,0,0,0,0,0,0,0,0,0,0,0
63,Иркутская,обл,Шелехов,3,2,2,190.5,0,0,0,0,0,0,0,0,0,0,0,0,0,0,0,0,0,0,0,0,0,0,0,0,0,0,0,0
63,Иркутская,обл,Тайшет,1,0,0,0,0,0,0,0,0,0,0,0,0,0,0,0,0,0,0,0,0,0,0,0,0,0,0,0,0,0,0,0
6,Карелия,Респ,Костомукша,5,0,0,0,0,0,0,0,0,0,0,0,0,0,0,0,0,0,0,0,0,0,0,0,0,0,0,0,0,0,0,0
63,Иркутская,обл,Иркутск,20,4,3,207,0,0,0,0,0,0,1,158,0,0,0,0,0,0,0,0,0,0,0,0,0,0,0,0,0,0,0,0
63,Иркутская,обл,Усть-Илимск,1,0,0,0,0,0,0,0,0,0,0,0,0,0,0,0,0,0,0,0,0,0,0,0,0,0,0,0,0,0,0,0
63,Иркутская,обл,Усть-Кут,3,1,1,212,0,0,0,0,0,0,0,0,0,0,0,0,0,0,0,0,0,0,0,0,0,0,0,0,0,0,0,0
63,Иркутская,обл,Ангарск,10,3,2,227,0,0,0,0,0,0,1,212,0,0,0,0,0,0,0,0,0,0,0,0,0,0,0,0,0,0,0,0
63,Иркутская,обл,Братск,3,0,0,0,0,0,0,0,0,0,0,0,0,0,0,0,0,0,0,0,0,0,0,0,0,0,0,0,0,0,0,0
63,Иркутская,обл,Свирск,1,1,0,0,1,222,0,0,0,0,0,0,0,0,0,0,0,0,0,0,0,0,0,0,0,0,0,0,0,0,0,0
6,Карелия,Респ,Беломорск,1,0,0,0,0,0,0,0,0,0,0,0,0,0,0,0,0,0,0,0,0,0,0,0,0,0,0,0,0,0,0,0
64,Нижегородская,обл,,12,1,0,0,0,0,0,0,0,0,1,183,0,0,0,0,0,0,0,0,0,0,0,0,0,0,0,0,0,0,0,0
64,Нижегородская,обл,Павлово,2,0,0,0,0,0,0,0,0,0,0,0,0,0,0,0,0,0,0,0,0,0,0,0,0,0,0,0,0,0,0,0
64,Нижегородская,обл,Саров,10,2,2,243,0,0,0,0,0,0,0,0,0,0,0,0,0,0,0,0,0,0,0,0,0,0,0,0,0,0,0,0
64,Нижегородская,обл,Кстово,1,0,0,0,0,0,0,0,0,0,0,0,0,0,0,0,0,0,0,0,0,0,0,0,0,0,0,0,0,0,0,0
6,Карелия,Респ,Кондопога,5,2,2,208,0,0,0,0,0,0,0,0,0,0,0,0,0,0,0,0,0,0,0,0,0,0,0,0,0,0,0,0
64,Нижегородская,обл,Перевоз,1,1,1,262,0,0,0,0,0,0,0,0,0,0,0,0,0,0,0,0,0,0,0,0,0,0,0,0,0,0,0,0
64,Нижегородская,обл,Кулебаки,1,0,0,0,0,0,0,0,0,0,0,0,0,0,0,0,0,0,0,0,0,0,0,0,0,0,0,0,0,0,0,0
64,Нижегородская,обл,Богородск,1,0,0,0,0,0,0,0,0,0,0,0,0,0,0,0,0,0,0,0,0,0,0,0,0,0,0,0,0,0,0,0
64,Нижегородская,обл,Выкса,2,0,0,0,0,0,0,0,0,0,0,0,0,0,0,0,0,0,0,0,0,0,0,0,0,0,0,0,0,0,0,0
64,Нижегородская,обл,Арзамас,1,0,0,0,0,0,0,0,0,0,0,0,0,0,0,0,0,0,0,0,0,0,0,0,0,0,0,0,0,0,0,0
64,Нижегородская,обл,Дзержинск,5,2,1,269,0,0,0,0,0,0,0,0,0,0,0,0,0,0,0,0,0,0,1,185,0,0,0,0,0,0,0,0
64,Нижегородская,обл,Ворсма,1,0,0,0,0,0,0,0,0,0,0,0,0,0,0,0,0,0,0,0,0,0,0,0,0,0,0,0,0,0,0,0
64,Нижегородская,обл,Заволжье,1,0,0,0,0,0,0,0,0,0,0,0,0,0,0,0,0,0,0,0,0,0,0,0,0,0,0,0,0,0,0,0
64,Нижегородская,обл,Ветлуга,0,0,0,0,0,0,0,0,0,0,0,0,0,0,0,0,0,0,0,0,0,0,0,0,0,0,0,0,0,0,0,0
64,Нижегородская,обл,Нижний Новгород,19,6,5,243.25,1,238,0,0,0,0,0,0,0,0,0,0,0,0,0,0,0,0,0,0,0,0,0,0,0,0,0,0
6,Карелия,Респ,Сортавала,2,1,1,248,0,0,0,0,0,0,0,0,0,0,0,0,0,0,0,0,0,0,0,0,0,0,0,0,0,0,0,0
6,Карелия,Респ,Суоярви,1,1,0,0,0,0,0,0,0,0,1,211,0,0,0,0,0,0,0,0,0,0,0,0,0,0,0,0,0,0,0,0
65,Новгородская,обл,,22,6,4,203.25,1,0,1,173,0,0,0,0,0,0,0,0,0,0,0,0,0,0,0,0,0,0,0,0,0,0,0,0
65,Новгородская,обл,Боровичи,12,5,4,198.5,0,0,0,0,0,0,0,0,1,0,0,0,0,0,0,0,0,0,0,0,0,0,0,0,0,0,0,0
65,Новгородская,обл,Валдай,4,2,1,226,0,0,0,0,0,0,1,160,0,0,0,0,0,0,0,0,0,0,0,0,0,0,0,0,0,0,0,0
65,Новгородская,обл,Старая Русса,8,2,1,153,1,225,0,0,0,0,0,0,0,0,0,0,0,0,0,0,0,0,0,0,0,0,0,0,0,0,0,0
65,Новгородская,обл,Чудово,6,0,0,0,0,0,0,0,0,0,0,0,0,0,0,0,0,0,0,0,0,0,0,0,0,0,0,0,0,0,0,0
65,Новгородская,обл,Окуловка,3,1,0,0,0,0,0,0,0,0,0,0,0,0,0,0,0,0,0,0,0,0,1,168,0,0,0,0,0,0,0,0
65,Новгородская,обл,Великий Новгород,61,18,15,222.77,0,0,1,270,0,0,1,194,0,0,0,0,0,0,0,0,1,0,0,0,0,0,0,0,0,0,0,0
65,Новгородская,обл,Пестово,2,2,2,184,0,0,0,0,0,0,0,0,0,0,0,0,0,0,0,0,0,0,0,0,0,0,0,0,0,0,0,0
65,Новгородская,обл,Сольцы,1,0,0,0,0,0,0,0,0,0,0,0,0,0,0,0,0,0,0,0,0,0,0,0,0,0,0,0,0,0,0,0
65,Новгородская,обл,Малая Вишера,3,2,1,206,0,0,0,0,0,0,0,0,1,265,0,0,0,0,0,0,0,0,0,0,0,0,0,0,0,0,0,0
66,Крым,Респ,,5,0,0,0,0,0,0,0,0,0,0,0,0,0,0,0,0,0,0,0,0,0,0,0,0,0,0,0,0,0,0,0
66,Крым,Респ,Керчь,0,0,0,0,0,0,0,0,0,0,0,0,0,0,0,0,0,0,0,0,0,0,0,0,0,0,0,0,0,0,0,0
66,Крым,Респ,Ялта,3,1,1,200,0,0,0,0,0,0,0,0,0,0,0,0,0,0,0,0,0,0,0,0,0,0,0,0,0,0,0,0
6,Карелия,Респ,Питкяранта,3,0,0,0,0,0,0,0,0,0,0,0,0,0,0,0,0,0,0,0,0,0,0,0,0,0,0,0,0,0,0,0
66,Крым,Респ,Феодосия,6,1,0,0,0,0,0,0,0,0,1,226,0,0,0,0,0,0,0,0,0,0,0,0,0,0,0,0,0,0,0,0
66,Крым,Респ,Симферополь,3,1,1,259,0,0,0,0,0,0,0,0,0,0,0,0,0,0,0,0,0,0,0,0,0,0,0,0,0,0,0,0
66,Крым,Респ,Саки,1,0,0,0,0,0,0,0,0,0,0,0,0,0,0,0,0,0,0,0,0,0,0,0,0,0,0,0,0,0,0,0
6,Карелия,Респ,Петрозаводск,29,6,3,225.33,1,180,0,0,0,0,0,0,0,0,0,0,0,0,0,0,1,196,1,0,0,0,0,0,0,0,0,0
66,Крым,Респ,Евпатория,2,0,0,0,0,0,0,0,0,0,0,0,0,0,0,0,0,0,0,0,0,0,0,0,0,0,0,0,0,0,0,0
67,Оренбургская,обл,,22,5,1,229,0,0,0,0,0,0,2,172,1,166,0,0,0,0,0,0,1,0,0,0,0,0,0,0,0,0,0,0
67,Оренбургская,обл,Соль-Илецк,1,0,0,0,0,0,0,0,0,0,0,0,0,0,0,0,0,0,0,0,0,0,0,0,0,0,0,0,0,0,0,0
67,Оренбургская,обл,Ясный,1,1,0,0,1,195,0,0,0,0,0,0,0,0,0,0,0,0,0,0,0,0,0,0,0,0,0,0,0,0,0,0
67,Оренбургская,обл,Кувандык,1,0,0,0,0,0,0,0,0,0,0,0,0,0,0,0,0,0,0,0,0,0,0,0,0,0,0,0,0,0,0,0
67,Оренбургская,обл,Бузулук,4,0,0,0,0,0,0,0,0,0,0,0,0,0,0,0,0,0,0,0,0,0,0,0,0,0,0,0,0,0,0,0
67,Оренбургская,обл,Сорочинск,3,1,1,224,0,0,0,0,0,0,0,0,0,0,0,0,0,0,0,0,0,0,0,0,0,0,0,0,0,0,0,0
67,Оренбургская,обл,Оренбург,43,10,5,205.5,1,203,0,0,0,0,4,200,0,0,0,0,0,0,0,0,0,0,0,0,0,0,0,0,0,0,0,0
67,Оренбургская,обл,Орск,4,2,0,0,1,256,0,0,0,0,0,0,0,0,0,0,0,0,0,0,0,0,0,0,0,0,0,0,0,0,1,206
67,Оренбургская,обл,Новотроицк,2,0,0,0,0,0,0,0,0,0,0,0,0,0,0,0,0,0,0,0,0,0,0,0,0,0,0,0,0,0,0,0
67,Оренбургская,обл,Гай,2,0,0,0,0,0,0,0,0,0,0,0,0,0,0,0,0,0,0,0,0,0,0,0,0,0,0,0,0,0,0,0
67,Оренбургская,обл,Бугуруслан,2,0,0,0,0,0,0,0,0,0,0,0,0,0,0,0,0,0,0,0,0,0,0,0,0,0,0,0,0,0,0,0
67,Оренбургская,обл,Медногорск,3,0,0,0,0,0,0,0,0,0,0,0,0,0,0,0,0,0,0,0,0,0,0,0,0,0,0,0,0,0,0,0
68,Кировская,обл,,16,7,1,199,1,201,0,0,0,0,2,0,2,0,0,0,0,0,0,0,0,0,0,0,0,0,0,0,0,0,1,166
68,Кировская,обл,Киров,38,23,10,222.5,1,220,0,0,0,0,12,181,0,0,0,0,0,0,0,0,0,0,0,0,0,0,0,0,0,0,0,0
68,Кировская,обл,Вятские Поляны,1,0,0,0,0,0,0,0,0,0,0,0,0,0,0,0,0,0,0,0,0,0,0,0,0,0,0,0,0,0,0,0
68,Кировская,обл,Омутнинск,1,0,0,0,0,0,0,0,0,0,0,0,0,0,0,0,0,0,0,0,0,0,0,0,0,0,0,0,0,0,0,0
68,Кировская,обл,Кирово-Чепецк,6,3,3,234.33,0,0,0,0,0,0,0,0,0,0,0,0,0,0,0,0,0,0,0,0,0,0,0,0,0,0,0,0
68,Кировская,обл,Котельнич,2,1,1,273,0,0,0,0,0,0,0,0,0,0,0,0,0,0,0,0,0,0,0,0,0,0,0,0,0,0,0,0
69,Байконур,г,,4,0,0,0,0,0,0,0,0,0,0,0,0,0,0,0,0,0,0,0,0,0,0,0,0,0,0,0,0,0,0,0
7,Чеченская,Респ,,1,0,0,0,0,0,0,0,0,0,0,0,0,0,0,0,0,0,0,0,0,0,0,0,0,0,0,0,0,0,0,0
70,Пермский,край,,15,1,0,0,0,0,1,167,0,0,0,0,0,0,0,0,0,0,0,0,0,0,0,0,0,0,0,0,0,0,0,0
70,Пермский,край,Чайковский,5,2,1,207,0,0,0,0,0,0,1,246,0,0,0,0,0,0,0,0,0,0,0,0,0,0,0,0,0,0,0,0
70,Пермский,край,Березники,4,1,1,210,0,0,0,0,0,0,0,0,0,0,0,0,0,0,0,0,0,0,0,0,0,0,0,0,0,0,0,0
70,Пермский,край,Соликамск,10,3,2,205.5,1,227,0,0,0,0,0,0,0,0,0,0,0,0,0,0,0,0,0,0,0,0,0,0,0,0,0,0
70,Пермский,край,Чусовой,2,1,1,270,0,0,0,0,0,0,0,0,0,0,0,0,0,0,0,0,0,0,0,0,0,0,0,0,0,0,0,0
70,Пермский,край,Кудымкар,1,0,0,0,0,0,0,0,0,0,0,0,0,0,0,0,0,0,0,0,0,0,0,0,0,0,0,0,0,0,0,0
70,Пермский,край,Кунгур,1,0,0,0,0,0,0,0,0,0,0,0,0,0,0,0,0,0,0,0,0,0,0,0,0,0,0,0,0,0,0,0
70,Пермский,край,Лысьва,1,1,0,0,0,0,0,0,0,0,0,0,1,0,0,0,0,0,0,0,0,0,0,0,0,0,0,0,0,0,0,0
70,Пермский,край,Верещагино,2,0,0,0,0,0,0,0,0,0,0,0,0,0,0,0,0,0,0,0,0,0,0,0,0,0,0,0,0,0,0,0
70,Пермский,край,Пермь,19,5,3,236,0,0,0,0,0,0,2,202.5,0,0,0,0,0,0,0,0,0,0,0,0,0,0,0,0,0,0,0,0
71,Челябинская,обл,,10,2,1,0,0,0,0,0,0,0,1,206,0,0,0,0,0,0,0,0,0,0,0,0,0,0,0,0,0,0,0,0
71,Челябинская,обл,Коркино,1,0,0,0,0,0,0,0,0,0,0,0,0,0,0,0,0,0,0,0,0,0,0,0,0,0,0,0,0,0,0,0
71,Челябинская,обл,Троицк,2,1,0,0,0,0,0,0,0,0,0,0,1,0,0,0,0,0,0,0,0,0,0,0,0,0,0,0,0,0,0,0
71,Челябинская,обл,Чебаркуль,1,1,1,0,0,0,0,0,0,0,0,0,0,0,0,0,0,0,0,0,0,0,0,0,0,0,0,0,0,0,0,0
71,Челябинская,обл,Озерск,7,2,1,0,0,0,0,0,0,0,0,0,0,0,0,0,0,0,0,0,0,0,1,0,0,0,0,0,0,0,0,0
71,Челябинская,обл,Еманжелинск,1,0,0,0,0,0,0,0,0,0,0,0,0,0,0,0,0,0,0,0,0,0,0,0,0,0,0,0,0,0,0,0
71,Челябинская,обл,Трехгорный,3,2,2,0,0,0,0,0,0,0,0,0,0,0,0,0,0,0,0,0,0,0,0,0,0,0,0,0,0,0,0,0
71,Челябинская,обл,Миасс,4,2,2,242,0,0,0,0,0,0,0,0,0,0,0,0,0,0,0,0,0,0,0,0,0,0,0,0,0,0,0,0
71,Челябинская,обл,Сатка,1,0,0,0,0,0,0,0,0,0,0,0,0,0,0,0,0,0,0,0,0,0,0,0,0,0,0,0,0,0,0,0
71,Челябинская,обл,Златоуст,5,1,0,0,0,0,0,0,0,0,1,197,0,0,0,0,0,0,0,0,0,0,0,0,0,0,0,0,0,0,0,0
71,Челябинская,обл,Снежинск,3,0,0,0,0,0,0,0,0,0,0,0,0,0,0,0,0,0,0,0,0,0,0,0,0,0,0,0,0,0,0,0
71,Челябинская,обл,Челябинск,30,5,3,201.67,0,0,0,0,0,0,1,174,1,0,0,0,0,0,0,0,0,0,0,0,0,0,0,0,0,0,0,0
71,Челябинская,обл,Копейск,3,1,1,252,0,0,0,0,0,0,0,0,0,0,0,0,0,0,0,0,0,0,0,0,0,0,0,0,0,0,0,0
71,Челябинская,обл,Магнитогорск,12,2,1,240,0,0,0,0,0,0,1,210,0,0,0,0,0,0,0,0,0,0,0,0,0,0,0,0,0,0,0,0
72,Ленинградская,обл,,270,92,54,203.75,6,207.6,0,0,0,0,17,195.63,5,231.75,1,230,0,0,0,0,4,237.5,3,258,0,0,0,0,0,0,2,179
72,Ленинградская,обл,Кудрово,8,4,2,194.5,0,0,0,0,0,0,1,175,1,0,0,0,0,0,0,0,0,0,0,0,0,0,0,0,0,0,0,0
72,Ленинградская,обл,Сланцы,6,2,0,0,0,0,0,0,0,0,1,177,0,0,0,0,0,0,0,0,1,0,0,0,0,0,0,0,0,0,0,0
72,Ленинградская,обл,Новая Ладога,3,0,0,0,0,0,0,0,0,0,0,0,0,0,0,0,0,0,0,0,0,0,0,0,0,0,0,0,0,0,0,0
72,Ленинградская,обл,Кириши,27,9,5,226.5,1,182,1,238,0,0,1,205,0,0,0,0,0,0,0,0,1,265,0,0,0,0,0,0,0,0,0,0
72,Ленинградская,обл,Светогорск,1,1,0,0,0,0,0,0,0,0,1,161,0,0,0,0,0,0,0,0,0,0,0,0,0,0,0,0,0,0,0,0
72,Ленинградская,обл,Луга,12,5,2,234.5,0,0,0,0,0,0,2,206.5,0,0,0,0,0,0,0,0,1,0,0,0,0,0,0,0,0,0,0,0
72,Ленинградская,обл,Всеволожск,35,15,6,211,2,189.5,0,0,0,0,5,173,1,0,0,0,0,0,0,0,0,0,0,0,0,0,0,0,0,0,1,153
72,Ленинградская,обл,Тихвин,18,4,2,212.5,0,0,0,0,0,0,0,0,1,222,0,0,0,0,0,0,1,170,0,0,0,0,0,0,0,0,0,0
72,Ленинградская,обл,Сосновый Бор,36,9,2,199,1,183,0,0,0,0,4,222.75,0,0,0,0,0,0,0,0,0,0,2,0,0,0,0,0,0,0,0,0
72,Ленинградская,обл,Коммунар,9,5,4,208.67,0,0,0,0,0,0,0,0,1,0,0,0,0,0,0,0,0,0,0,0,0,0,0,0,0,0,0,0
72,Ленинградская,обл,Ивангород,1,1,0,0,0,0,0,0,0,0,1,220,0,0,0,0,0,0,0,0,0,0,0,0,0,0,0,0,0,0,0,0
72,Ленинградская,обл,Тосно,11,0,0,0,0,0,0,0,0,0,0,0,0,0,0,0,0,0,0,0,0,0,0,0,0,0,0,0,0,0,0,0
72,Ленинградская,обл,Сертолово,1,0,0,0,0,0,0,0,0,0,0,0,0,0,0,0,0,0,0,0,0,0,0,0,0,0,0,0,0,0,0,0
72,Ленинградская,обл,Приморск,2,0,0,0,0,0,0,0,0,0,0,0,0,0,0,0,0,0,0,0,0,0,0,0,0,0,0,0,0,0,0,0
72,Ленинградская,обл,Мурино,29,11,4,213.33,0,0,0,0,0,0,1,174,0,0,0,0,0,0,0,0,4,223.33,2,190,0,0,0,0,0,0,0,0
72,Ленинградская,обл,Отрадное,13,4,3,217.67,0,0,0,0,0,0,0,0,0,0,0,0,0,0,0,0,1,153,0,0,0,0,0,0,0,0,0,0
72,Ленинградская,обл,Лодейное Поле,4,2,1,0,0,0,0,0,0,0,0,0,0,0,0,0,0,0,0,0,1,0,0,0,0,0,0,0,0,0,0,0
72,Ленинградская,обл,Никольское,9,2,0,0,0,0,0,0,0,0,0,0,0,0,0,0,0,0,0,0,0,0,2,0,0,0,0,0,0,0,0,0
72,Ленинградская,обл,Приозерск,7,2,0,0,0,0,0,0,0,0,1,228,1,0,0,0,0,0,0,0,0,0,0,0,0,0,0,0,0,0,0,0
72,Ленинградская,обл,Пикалево,9,3,3,234,0,0,0,0,0,0,0,0,0,0,0,0,0,0,0,0,0,0,0,0,0,0,0,0,0,0,0,0
72,Ленинградская,обл,Кировск,18,8,6,193.4,0,0,0,0,0,0,0,0,1,0,0,0,0,0,0,0,1,234,0,0,0,0,0,0,0,0,0,0
72,Ленинградская,обл,Гатчина,58,18,9,219.14,3,227.33,0,0,0,0,4,215,0,0,0,0,0,0,0,0,1,164,1,239,0,0,0,0,0,0,0,0
72,Ленинградская,обл,Бокситогорск,4,0,0,0,0,0,0,0,0,0,0,0,0,0,0,0,0,0,0,0,0,0,0,0,0,0,0,0,0,0,0,0
72,Ленинградская,обл,Подпорожье,5,2,0,0,0,0,0,0,0,0,0,0,1,201,0,0,0,0,0,0,1,210,0,0,0,0,0,0,0,0,0,0
72,Ленинградская,обл,Шлиссельбург,8,2,2,184.5,0,0,0,0,0,0,0,0,0,0,0,0,0,0,0,0,0,0,0,0,0,0,0,0,0,0,0,0
72,Ленинградская,обл,Кингисепп,16,7,6,214.67,0,0,0,0,0,0,1,184,0,0,0,0,0,0,0,0,0,0,0,0,0,0,0,0,0,0,0,0
72,Ленинградская,обл,Сясьстрой,1,0,0,0,0,0,0,0,0,0,0,0,0,0,0,0,0,0,0,0,0,0,0,0,0,0,0,0,0,0,0,0
72,Ленинградская,обл,Каменногорск,2,1,1,0,0,0,0,0,0,0,0,0,0,0,0,0,0,0,0,0,0,0,0,0,0,0,0,0,0,0,0,0
72,Ленинградская,обл,Выборг,35,8,6,210.83,0,0,0,0,0,0,2,199,0,0,0,0,0,0,0,0,0,0,0,0,0,0,0,0,0,0,0,0
72,Ленинградская,обл,Волхов,12,2,2,158,0,0,0,0,0,0,0,0,0,0,0,0,0,0,0,0,0,0,0,0,0,0,0,0,0,0,0,0
73,Ульяновская,обл,,2,1,1,185,0,0,0,0,0,0,0,0,0,0,0,0,0,0,0,0,0,0,0,0,0,0,0,0,0,0,0,0
73,Ульяновская,обл,Ульяновск,5,1,1,182,0,0,0,0,0,0,0,0,0,0,0,0,0,0,0,0,0,0,0,0,0,0,0,0,0,0,0,0
73,Ульяновская,обл,Новоульяновск,0,0,0,0,0,0,0,0,0,0,0,0,0,0,0,0,0,0,0,0,0,0,0,0,0,0,0,0,0,0,0,0
73,Ульяновская,обл,Димитровград,2,0,0,0,0,0,0,0,0,0,0,0,0,0,0,0,0,0,0,0,0,0,0,0,0,0,0,0,0,0,0,0
74,Иркутская обл Усть-Ордынский Бурятский,округ,,0,0,0,0,0,0,0,0,0,0,0,0,0,0,0,0,0,0,0,0,0,0,0,0,0,0,0,0,0,0,0,0
75,Московская,обл,,32,15,5,209.75,5,208.6,0,0,0,0,1,160,1,0,0,0,0,0,0,0,0,0,3,0,0,0,0,0,0,0,0,0
75,Московская,обл,Мытищи,2,1,0,0,0,0,0,0,0,0,0,0,0,0,0,0,0,0,0,0,1,0,0,0,0,0,0,0,0,0,0,0
75,Московская,обл,Чехов-4,1,1,1,194,0,0,0,0,0,0,0,0,0,0,0,0,0,0,0,0,0,0,0,0,0,0,0,0,0,0,0,0
75,Московская,обл,Можайск,1,0,0,0,0,0,0,0,0,0,0,0,0,0,0,0,0,0,0,0,0,0,0,0,0,0,0,0,0,0,0,0
75,Московская,обл,Ногинск,2,0,0,0,0,0,0,0,0,0,0,0,0,0,0,0,0,0,0,0,0,0,0,0,0,0,0,0,0,0,0,0
75,Московская,обл,Орехово-Зуево,2,1,0,0,0,0,0,0,0,0,1,183,0,0,0,0,0,0,0,0,0,0,0,0,0,0,0,0,0,0,0,0
75,Московская,обл,Коломна,14,6,1,195,5,203.8,0,0,0,0,0,0,0,0,0,0,0,0,0,0,0,0,0,0,0,0,0,0,0,0,0,0
75,Московская,обл,Одинцово,1,0,0,0,0,0,0,0,0,0,0,0,0,0,0,0,0,0,0,0,0,0,0,0,0,0,0,0,0,0,0,0
75,Московская,обл,Апрелевка,1,1,0,0,0,0,0,0,0,0,0,0,0,0,0,0,0,0,0,0,0,0,1,0,0,0,0,0,0,0,0,0
75,Московская,обл,Щелково,3,2,1,245,0,0,0,0,0,0,0,0,1,0,0,0,0,0,0,0,0,0,0,0,0,0,0,0,0,0,0,0
75,Московская,обл,Краснознаменск,1,0,0,0,0,0,0,0,0,0,0,0,0,0,0,0,0,0,0,0,0,0,0,0,0,0,0,0,0,0,0,0
75,Московская,обл,Железнодорожный,1,1,0,0,0,0,0,0,0,0,0,0,1,171,0,0,0,0,0,0,0,0,0,0,0,0,0,0,0,0,0,0
75,Московская,обл,Дубна,1,0,0,0,0,0,0,0,0,0,0,0,0,0,0,0,0,0,0,0,0,0,0,0,0,0,0,0,0,0,0,0
75,Московская,обл,Клин,1,0,0,0,0,0,0,0,0,0,0,0,0,0,0,0,0,0,0,0,0,0,0,0,0,0,0,0,0,0,0,0
75,Московская,обл,Ивантеевка,1,0,0,0,0,0,0,0,0,0,0,0,0,0,0,0,0,0,0,0,0,0,0,0,0,0,0,0,0,0,0,0
75,Московская,обл,Домодедово,1,0,0,0,0,0,0,0,0,0,0,0,0,0,0,0,0,0,0,0,0,0,0,0,0,0,0,0,0,0,0,0
75,Московская,обл,Балашиха,4,1,1,161,0,0,0,0,0,0,0,0,0,0,0,0,0,0,0,0,0,0,0,0,0,0,0,0,0,0,0,0
75,Московская,обл,Чехов,2,1,1,264,0,0,0,0,0,0,0,0,0,0,0,0,0,0,0,0,0,0,0,0,0,0,0,0,0,0,0,0
75,Московская,обл,Протвино,3,0,0,0,0,0,0,0,0,0,0,0,0,0,0,0,0,0,0,0,0,0,0,0,0,0,0,0,0,0,0,0
75,Московская,обл,Красково,1,0,0,0,0,0,0,0,0,0,0,0,0,0,0,0,0,0,0,0,0,0,0,0,0,0,0,0,0,0,0,0
75,Московская,обл,Фрязино,0,0,0,0,0,0,0,0,0,0,0,0,0,0,0,0,0,0,0,0,0,0,0,0,0,0,0,0,0,0,0,0
75,Московская,обл,Павловский Посад,1,0,0,0,0,0,0,0,0,0,0,0,0,0,0,0,0,0,0,0,0,0,0,0,0,0,0,0,0,0,0,0
75,Московская,обл,Истра,1,0,0,0,0,0,0,0,0,0,0,0,0,0,0,0,0,0,0,0,0,0,0,0,0,0,0,0,0,0,0,0
75,Московская,обл,Серпухов,1,0,0,0,0,0,0,0,0,0,0,0,0,0,0,0,0,0,0,0,0,0,0,0,0,0,0,0,0,0,0,0
75,Московская,обл,Лобня,1,0,0,0,0,0,0,0,0,0,0,0,0,0,0,0,0,0,0,0,0,0,0,0,0,0,0,0,0,0,0,0
75,Московская,обл,Королев,3,1,1,184,0,0,0,0,0,0,0,0,0,0,0,0,0,0,0,0,0,0,0,0,0,0,0,0,0,0,0,0
75,Московская,обл,Раменское,2,1,0,0,0,0,0,0,0,0,0,0,0,0,0,0,0,0,0,0,0,0,1,0,0,0,0,0,0,0,0,0
75,Московская,обл,Шатура,1,0,0,0,0,0,0,0,0,0,0,0,0,0,0,0,0,0,0,0,0,0,0,0,0,0,0,0,0,0,0,0
76,Хакасия,Респ,Саяногорск,1,1,1,199,0,0,0,0,0,0,0,0,0,0,0,0,0,0,0,0,0,0,0,0,0,0,0,0,0,0,0,0
76,Хакасия,Респ,Абакан,4,1,0,0,1,0,0,0,0,0,0,0,0,0,0,0,0,0,0,0,0,0,0,0,0,0,0,0,0,0,0,0
76,Хакасия,Респ,Черногорск,1,0,0,0,0,0,0,0,0,0,0,0,0,0,0,0,0,0,0,0,0,0,0,0,0,0,0,0,0,0,0,0
77,Краснодарский,край,,77,17,11,207.7,0,0,0,0,0,0,3,184.5,1,0,0,0,0,0,0,0,1,0,1,0,0,0,0,0,0,0,0,0
77,Краснодарский,край,Белореченск,2,0,0,0,0,0,0,0,0,0,0,0,0,0,0,0,0,0,0,0,0,0,0,0,0,0,0,0,0,0,0,0
77,Краснодарский,край,Армавир,6,3,3,215,0,0,0,0,0,0,0,0,0,0,0,0,0,0,0,0,0,0,0,0,0,0,0,0,0,0,0,0
77,Краснодарский,край,Славянск-на-Кубани,3,2,0,0,1,165,0,0,0,0,1,188,0,0,0,0,0,0,0,0,0,0,0,0,0,0,0,0,0,0,0,0
77,Краснодарский,край,Курганинск,1,0,0,0,0,0,0,0,0,0,0,0,0,0,0,0,0,0,0,0,0,0,0,0,0,0,0,0,0,0,0,0
77,Краснодарский,край,Апшеронск,1,0,0,0,0,0,0,0,0,0,0,0,0,0,0,0,0,0,0,0,0,0,0,0,0,0,0,0,0,0,0,0
77,Краснодарский,край,Тихорецк,3,0,0,0,0,0,0,0,0,0,0,0,0,0,0,0,0,0,0,0,0,0,0,0,0,0,0,0,0,0,0,0
77,Краснодарский,край,Ейск,6,0,0,0,0,0,0,0,0,0,0,0,0,0,0,0,0,0,0,0,0,0,0,0,0,0,0,0,0,0,0,0
77,Краснодарский,край,Кореновск,3,1,1,260,0,0,0,0,0,0,0,0,0,0,0,0,0,0,0,0,0,0,0,0,0,0,0,0,0,0,0,0
77,Краснодарский,край,Геленджик,3,1,0,0,0,0,0,0,0,0,0,0,0,0,0,0,0,0,0,0,1,0,0,0,0,0,0,0,0,0,0,0
77,Краснодарский,край,Туапсе,3,1,1,233,0,0,0,0,0,0,0,0,0,0,0,0,0,0,0,0,0,0,0,0,0,0,0,0,0,0,0,0
77,Краснодарский,край,Тимашевск,1,0,0,0,0,0,0,0,0,0,0,0,0,0,0,0,0,0,0,0,0,0,0,0,0,0,0,0,0,0,0,0
77,Краснодарский,край,Анапа,7,3,1,232,0,0,0,0,0,0,1,218,0,0,0,0,0,0,0,0,1,0,0,0,0,0,0,0,0,0,0,0
77,Краснодарский,край,Сочи,32,7,5,202,0,0,0,0,0,0,2,206,0,0,0,0,0,0,0,0,0,0,0,0,0,0,0,0,0,0,0,0
77,Краснодарский,край,Лабинск,3,1,1,194,0,0,0,0,0,0,0,0,0,0,0,0,0,0,0,0,0,0,0,0,0,0,0,0,0,0,0,0
77,Краснодарский,край,Абинск,3,0,0,0,0,0,0,0,0,0,0,0,0,0,0,0,0,0,0,0,0,0,0,0,0,0,0,0,0,0,0,0
77,Краснодарский,край,Горячий Ключ,3,1,1,0,0,0,0,0,0,0,0,0,0,0,0,0,0,0,0,0,0,0,0,0,0,0,0,0,0,0,0,0
77,Краснодарский,край,Краснодар,37,7,5,202.75,0,0,0,0,0,0,1,205,0,0,0,0,0,0,0,0,1,0,0,0,0,0,0,0,0,0,0,0
77,Краснодарский,край,Кропоткин,8,1,1,207,0,0,0,0,0,0,0,0,0,0,0,0,0,0,0,0,0,0,0,0,0,0,0,0,0,0,0,0
77,Краснодарский,край,Крымск,2,0,0,0,0,0,0,0,0,0,0,0,0,0,0,0,0,0,0,0,0,0,0,0,0,0,0,0,0,0,0,0
77,Краснодарский,край,Новороссийск,9,1,1,197,0,0,0,0,0,0,0,0,0,0,0,0,0,0,0,0,0,0,0,0,0,0,0,0,0,0,0,0
77,Краснодарский,край,Усть-Лабинск,1,0,0,0,0,0,0,0,0,0,0,0,0,0,0,0,0,0,0,0,0,0,0,0,0,0,0,0,0,0,0,0
78,Ярославская,обл,,7,1,0,0,0,0,0,0,0,0,0,0,0,0,0,0,0,0,0,0,0,0,0,0,0,0,0,0,0,0,1,238
78,Ярославская,обл,Ярославль,12,5,2,200.5,0,0,0,0,0,0,1,214,0,0,0,0,0,0,0,0,2,0,0,0,0,0,0,0,0,0,0,0
78,Ярославская,обл,Гаврилов-Ям,1,0,0,0,0,0,0,0,0,0,0,0,0,0,0,0,0,0,0,0,0,0,0,0,0,0,0,0,0,0,0,0
78,Ярославская,обл,Данилов,1,0,0,0,0,0,0,0,0,0,0,0,0,0,0,0,0,0,0,0,0,0,0,0,0,0,0,0,0,0,0,0
78,Ярославская,обл,Углич,0,0,0,0,0,0,0,0,0,0,0,0,0,0,0,0,0,0,0,0,0,0,0,0,0,0,0,0,0,0,0,0
78,Ярославская,обл,Пошехонье,1,0,0,0,0,0,0,0,0,0,0,0,0,0,0,0,0,0,0,0,0,0,0,0,0,0,0,0,0,0,0,0
78,Ярославская,обл,Переславль-Залесский,3,2,2,247,0,0,0,0,0,0,0,0,0,0,0,0,0,0,0,0,0,0,0,0,0,0,0,0,0,0,0,0
78,Ярославская,обл,Рыбинск,6,1,0,0,0,0,0,0,0,0,1,186,0,0,0,0,0,0,0,0,0,0,0,0,0,0,0,0,0,0,0,0
79,Марий Эл,Респ,,5,3,2,209,1,219,0,0,0,0,0,0,0,0,0,0,0,0,0,0,0,0,0,0,0,0,0,0,0,0,0,0
79,Марий Эл,Респ,Йошкар-Ола,8,0,0,0,0,0,0,0,0,0,0,0,0,0,0,0,0,0,0,0,0,0,0,0,0,0,0,0,0,0,0,0
79,Марий Эл,Респ,Козьмодемьянск,1,0,0,0,0,0,0,0,0,0,0,0,0,0,0,0,0,0,0,0,0,0,0,0,0,0,0,0,0,0,0,0
79,Марий Эл,Респ,Волжск,2,1,1,200,0,0,0,0,0,0,0,0,0,0,0,0,0,0,0,0,0,0,0,0,0,0,0,0,0,0,0,0
8,Вологодская,обл,,31,3,3,198,0,0,0,0,0,0,0,0,0,0,0,0,0,0,0,0,0,0,0,0,0,0,0,0,0,0,0,0
80,Саха /Якутия/,Респ,,9,3,1,175,0,0,0,0,0,0,1,0,0,0,0,0,0,0,0,0,0,0,0,0,0,0,0,0,0,0,1,264
80,Саха /Якутия/,Респ,Вилюйск,1,0,0,0,0,0,0,0,0,0,0,0,0,0,0,0,0,0,0,0,0,0,0,0,0,0,0,0,0,0,0,0
80,Саха /Якутия/,Респ,Ленск,2,2,1,265,0,0,0,0,0,0,1,159,0,0,0,0,0,0,0,0,0,0,0,0,0,0,0,0,0,0,0,0
80,Саха /Якутия/,Респ,Мирный,6,2,1,0,0,0,0,0,0,0,1,192,0,0,0,0,0,0,0,0,0,0,0,0,0,0,0,0,0,0,0,0
80,Саха /Якутия/,Респ,Якутск,21,4,0,0,0,0,0,0,0,0,2,175,1,236,0,0,0,0,0,0,1,0,0,0,0,0,0,0,0,0,0,0
80,Саха /Якутия/,Респ,Нерюнгри,1,0,0,0,0,0,0,0,0,0,0,0,0,0,0,0,0,0,0,0,0,0,0,0,0,0,0,0,0,0,0,0
81,Мордовия,Респ,,4,0,0,0,0,0,0,0,0,0,0,0,0,0,0,0,0,0,0,0,0,0,0,0,0,0,0,0,0,0,0,0
81,Мордовия,Респ,Саранск,4,1,0,0,0,0,0,0,0,0,1,174,0,0,0,0,0,0,0,0,0,0,0,0,0,0,0,0,0,0,0,0
8,Вологодская,обл,Устюжна,1,1,0,0,0,0,0,0,0,0,0,0,0,0,0,0,0,0,0,0,1,0,0,0,0,0,0,0,0,0,0,0
82,Самарская,обл,,7,1,0,0,0,0,0,0,0,0,0,0,0,0,0,0,0,0,0,0,0,0,1,0,0,0,0,0,0,0,0,0
82,Самарская,обл,Отрадный,1,0,0,0,0,0,0,0,0,0,0,0,0,0,0,0,0,0,0,0,0,0,0,0,0,0,0,0,0,0,0,0
82,Самарская,обл,Тольятти,36,5,2,203,0,0,0,0,0,0,1,230,1,228,0,0,0,0,0,0,1,160,0,0,0,0,0,0,0,0,0,0
82,Самарская,обл,Сызрань,2,1,1,210,0,0,0,0,0,0,0,0,0,0,0,0,0,0,0,0,0,0,0,0,0,0,0,0,0,0,0,0
82,Самарская,обл,Жигулевск,2,0,0,0,0,0,0,0,0,0,0,0,0,0,0,0,0,0,0,0,0,0,0,0,0,0,0,0,0,0,0,0
82,Самарская,обл,Нефтегорск,0,0,0,0,0,0,0,0,0,0,0,0,0,0,0,0,0,0,0,0,0,0,0,0,0,0,0,0,0,0,0,0
82,Самарская,обл,Самара,19,6,2,178.5,1,226,0,0,0,0,1,163,1,207,0,0,0,0,0,0,0,0,1,0,0,0,0,0,0,0,0,0
83,Таймырский (Долгано-Ненецкий),АО,,0,0,0,0,0,0,0,0,0,0,0,0,0,0,0,0,0,0,0,0,0,0,0,0,0,0,0,0,0,0,0,0
8,Вологодская,обл,Кадников,0,0,0,0,0,0,0,0,0,0,0,0,0,0,0,0,0,0,0,0,0,0,0,0,0,0,0,0,0,0,0,0
8,Вологодская,обл,Вытегра,1,0,0,0,0,0,0,0,0,0,0,0,0,0,0,0,0,0,0,0,0,0,0,0,0,0,0,0,0,0,0,0
8,Вологодская,обл,Череповец,26,5,3,180.67,0,0,0,0,0,0,1,186,0,0,0,0,0,0,0,0,1,0,0,0,0,0,0,0,0,0,0,0
84,Тюменская,обл,,2,0,0,0,0,0,0,0,0,0,0,0,0,0,0,0,0,0,0,0,0,0,0,0,0,0,0,0,0,0,0,0
84,Тюменская,обл,Тюмень,17,2,2,169,0,0,0,0,0,0,0,0,0,0,0,0,0,0,0,0,0,0,0,0,0,0,0,0,0,0,0,0
84,Тюменская,обл,Тобольск,2,0,0,0,0,0,0,0,0,0,0,0,0,0,0,0,0,0,0,0,0,0,0,0,0,0,0,0,0,0,0,0
8,Вологодская,обл,Тотьма,3,1,1,216,0,0,0,0,0,0,0,0,0,0,0,0,0,0,0,0,0,0,0,0,0,0,0,0,0,0,0,0
8,Вологодская,обл,Вологда,32,5,5,230.2,0,0,0,0,0,0,0,0,0,0,0,0,0,0,0,0,0,0,0,0,0,0,0,0,0,0,0,0
85,Тыва,Респ,Кызыл,1,0,0,0,0,0,0,0,0,0,0,0,0,0,0,0,0,0,0,0,0,0,0,0,0,0,0,0,0,0,0,0
85,Тыва,Респ,Туран,1,0,0,0,0,0,0,0,0,0,0,0,0,0,0,0,0,0,0,0,0,0,0,0,0,0,0,0,0,0,0,0
85,Тыва,Респ,Чадан,1,0,0,0,0,0,0,0,0,0,0,0,0,0,0,0,0,0,0,0,0,0,0,0,0,0,0,0,0,0,0,0
86,Карачаево-Черкесская,Респ,,2,1,1,214,0,0,0,0,0,0,0,0,0,0,0,0,0,0,0,0,0,0,0,0,0,0,0,0,0,0,0,0
8,Вологодская,обл,Бабаево,1,0,0,0,0,0,0,0,0,0,0,0,0,0,0,0,0,0,0,0,0,0,0,0,0,0,0,0,0,0,0,0
8,Вологодская,обл,Сокол,2,0,0,0,0,0,0,0,0,0,0,0,0,0,0,0,0,0,0,0,0,0,0,0,0,0,0,0,0,0,0,0
86,Карачаево-Черкесская,Респ,Черкесск,3,0,0,0,0,0,0,0,0,0,0,0,0,0,0,0,0,0,0,0,0,0,0,0,0,0,0,0,0,0,0,0
8,Вологодская,обл,Никольск,1,1,0,0,0,0,1,200,0,0,0,0,0,0,0,0,0,0,0,0,0,0,0,0,0,0,0,0,0,0,0,0
87,Свердловская,обл,,10,2,2,196.5,0,0,0,0,0,0,0,0,0,0,0,0,0,0,0,0,0,0,0,0,0,0,0,0,0,0,0,0
87,Свердловская,обл,Нижняя Тура,1,0,0,0,0,0,0,0,0,0,0,0,0,0,0,0,0,0,0,0,0,0,0,0,0,0,0,0,0,0,0,0
87,Свердловская,обл,Верхняя Салда,2,0,0,0,0,0,0,0,0,0,0,0,0,0,0,0,0,0,0,0,0,0,0,0,0,0,0,0,0,0,0,0
87,Свердловская,обл,Лесной,3,1,1,214,0,0,0,0,0,0,0,0,0,0,0,0,0,0,0,0,0,0,0,0,0,0,0,0,0,0,0,0
87,Свердловская,обл,Нижний Тагил,17,4,2,245,0,0,0,0,0,0,0,0,0,0,0,0,0,0,0,0,1,0,1,156,0,0,0,0,0,0,0,0
87,Свердловская,обл,Артемовский,0,0,0,0,0,0,0,0,0,0,0,0,0,0,0,0,0,0,0,0,0,0,0,0,0,0,0,0,0,0,0,0
87,Свердловская,обл,Асбест,1,1,1,205,0,0,0,0,0,0,0,0,0,0,0,0,0,0,0,0,0,0,0,0,0,0,0,0,0,0,0,0
87,Свердловская,обл,Североуральск,1,1,1,203,0,0,0,0,0,0,0,0,0,0,0,0,0,0,0,0,0,0,0,0,0,0,0,0,0,0,0,0
87,Свердловская,обл,Карпинск,1,0,0,0,0,0,0,0,0,0,0,0,0,0,0,0,0,0,0,0,0,0,0,0,0,0,0,0,0,0,0,0
87,Свердловская,обл,Новоуральск,5,0,0,0,0,0,0,0,0,0,0,0,0,0,0,0,0,0,0,0,0,0,0,0,0,0,0,0,0,0,0,0
87,Свердловская,обл,Екатеринбург,29,7,6,221.67,1,186,0,0,0,0,0,0,0,0,0,0,0,0,0,0,0,0,0,0,0,0,0,0,0,0,0,0
87,Свердловская,обл,Богданович,1,1,0,0,1,218,0,0,0,0,0,0,0,0,0,0,0,0,0,0,0,0,0,0,0,0,0,0,0,0,0,0
87,Свердловская,обл,Серов,2,0,0,0,0,0,0,0,0,0,0,0,0,0,0,0,0,0,0,0,0,0,0,0,0,0,0,0,0,0,0,0
87,Свердловская,обл,Каменск-Уральский,8,3,1,277,1,203,0,0,0,0,0,0,0,0,0,0,0,0,0,0,1,0,0,0,0,0,0,0,0,0,0,0
87,Свердловская,обл,Полевской,3,2,2,227.5,0,0,0,0,0,0,0,0,0,0,0,0,0,0,0,0,0,0,0,0,0,0,0,0,0,0,0,0
87,Свердловская,обл,Первоуральск,4,2,1,0,0,0,0,0,0,0,0,0,0,0,0,0,0,0,0,0,0,0,1,201,0,0,0,0,0,0,0,0
87,Свердловская,обл,Качканар,1,0,0,0,0,0,0,0,0,0,0,0,0,0,0,0,0,0,0,0,0,0,0,0,0,0,0,0,0,0,0,0
88,Алтайский,край,,8,2,1,233,0,0,0,0,0,0,1,196,0,0,0,0,0,0,0,0,0,0,0,0,0,0,0,0,0,0,0,0
88,Алтайский,край,Заринск,0,0,0,0,0,0,0,0,0,0,0,0,0,0,0,0,0,0,0,0,0,0,0,0,0,0,0,0,0,0,0,0
88,Алтайский,край,Рубцовск,1,0,0,0,0,0,0,0,0,0,0,0,0,0,0,0,0,0,0,0,0,0,0,0,0,0,0,0,0,0,0,0
88,Алтайский,край,Бийск,3,1,1,240,0,0,0,0,0,0,0,0,0,0,0,0,0,0,0,0,0,0,0,0,0,0,0,0,0,0,0,0
88,Алтайский,край,Новоалтайск,3,2,2,263,0,0,0,0,0,0,0,0,0,0,0,0,0,0,0,0,0,0,0,0,0,0,0,0,0,0,0,0
88,Алтайский,край,Барнаул,14,3,2,198,0,0,0,0,0,0,1,192,0,0,0,0,0,0,0,0,0,0,0,0,0,0,0,0,0,0,0,0
8,Вологодская,обл,Великий Устюг,1,0,0,0,0,0,0,0,0,0,0,0,0,0,0,0,0,0,0,0,0,0,0,0,0,0,0,0,0,0,0,0
89,Ставропольский,край,,35,11,8,217.6,0,0,0,0,0,0,1,153,2,0,0,0,0,0,0,0,0,0,0,0,0,0,0,0,0,0,0,0
89,Ставропольский,край,Нефтекумск,1,0,0,0,0,0,0,0,0,0,0,0,0,0,0,0,0,0,0,0,0,0,0,0,0,0,0,0,0,0,0,0
89,Ставропольский,край,Новопавловск,3,1,0,0,0,0,0,0,0,0,0,0,0,0,0,0,0,0,0,0,0,0,1,0,0,0,0,0,0,0,0,0
89,Ставропольский,край,Ессентуки,4,1,1,268,0,0,0,0,0,0,0,0,0,0,0,0,0,0,0,0,0,0,0,0,0,0,0,0,0,0,0,0
89,Ставропольский,край,Минеральные Воды,3,0,0,0,0,0,0,0,0,0,0,0,0,0,0,0,0,0,0,0,0,0,0,0,0,0,0,0,0,0,0,0
89,Ставропольский,край,Ипатово,2,1,1,224,0,0,0,0,0,0,0,0,0,0,0,0,0,0,0,0,0,0,0,0,0,0,0,0,0,0,0,0
89,Ставропольский,край,Пятигорск,9,1,1,179,0,0,0,0,0,0,0,0,0,0,0,0,0,0,0,0,0,0,0,0,0,0,0,0,0,0,0,0
89,Ставропольский,край,Георгиевск,3,1,1,186,0,0,0,0,0,0,0,0,0,0,0,0,0,0,0,0,0,0,0,0,0,0,0,0,0,0,0,0
89,Ставропольский,край,Невинномысск,4,2,1,196,0,0,0,0,0,0,0,0,1,0,0,0,0,0,0,0,0,0,0,0,0,0,0,0,0,0,0,0
89,Ставропольский,край,Михайловск,1,0,0,0,0,0,0,0,0,0,0,0,0,0,0,0,0,0,0,0,0,0,0,0,0,0,0,0,0,0,0,0
89,Ставропольский,край,Буденновск,2,0,0,0,0,0,0,0,0,0,0,0,0,0,0,0,0,0,0,0,0,0,0,0,0,0,0,0,0,0,0,0
89,Ставропольский,край,Ставрополь,16,4,3,206.5,0,0,1,187,0,0,0,0,0,0,0,0,0,0,0,0,0,0,0,0,0,0,0,0,0,0,0,0
89,Ставропольский,край,Кисловодск,3,1,1,0,0,0,0,0,0,0,0,0,0,0,0,0,0,0,0,0,0,0,0,0,0,0,0,0,0,0,0,0
89,Ставропольский,край,Изобильный,2,0,0,0,0,0,0,0,0,0,0,0,0,0,0,0,0,0,0,0,0,0,0,0,0,0,0,0,0,0,0,0
89,Ставропольский,край,Лермонтов,3,0,0,0,0,0,0,0,0,0,0,0,0,0,0,0,0,0,0,0,0,0,0,0,0,0,0,0,0,0,0,0
89,Ставропольский,край,Железноводск,1,0,0,0,0,0,0,0,0,0,0,0,0,0,0,0,0,0,0,0,0,0,0,0,0,0,0,0,0,0,0,0
9,Бурятия,Респ,,8,1,1,202,0,0,0,0,0,0,0,0,0,0,0,0,0,0,0,0,0,0,0,0,0,0,0,0,0,0,0,0
90,Эвенкийский,АО,,0,0,0,0,0,0,0,0,0,0,0,0,0,0,0,0,0,0,0,0,0,0,0,0,0,0,0,0,0,0,0,0
91,Калмыкия,Респ,,2,1,1,228,0,0,0,0,0,0,0,0,0,0,0,0,0,0,0,0,0,0,0,0,0,0,0,0,0,0,0,0
91,Калмыкия,Респ,Элиста,7,1,0,0,0,0,0,0,0,0,1,226,0,0,0,0,0,0,0,0,0,0,0,0,0,0,0,0,0,0,0,0
91,Калмыкия,Респ,Городовиковск,1,1,1,229,0,0,0,0,0,0,0,0,0,0,0,0,0,0,0,0,0,0,0,0,0,0,0,0,0,0,0,0
92,Дагестан,Респ,,7,2,1,196,0,0,0,0,0,0,0,0,0,0,0,0,0,0,0,0,1,0,0,0,0,0,0,0,0,0,0,0
92,Дагестан,Респ,Махачкала,4,1,0,0,0,0,0,0,0,0,0,0,0,0,0,0,0,0,0,0,1,185,0,0,0,0,0,0,0,0,0,0
92,Дагестан,Респ,Хасавюрт,1,0,0,0,0,0,0,0,0,0,0,0,0,0,0,0,0,0,0,0,0,0,0,0,0,0,0,0,0,0,0,0
92,Дагестан,Респ,Дагестанские Огни,1,0,0,0,0,0,0,0,0,0,0,0,0,0,0,0,0,0,0,0,0,0,0,0,0,0,0,0,0,0,0,0
92,Дагестан,Респ,Избербаш,1,0,0,0,0,0,0,0,0,0,0,0,0,0,0,0,0,0,0,0,0,0,0,0,0,0,0,0,0,0,0,0
92,Дагестан,Респ,Буйнакск,2,1,0,0,1,162,0,0,0,0,0,0,0,0,0,0,0,0,0,0,0,0,0,0,0,0,0,0,0,0,0,0
92,Дагестан,Респ,Дербент,1,0,0,0,0,0,0,0,0,0,0,0,0,0,0,0,0,0,0,0,0,0,0,0,0,0,0,0,0,0,0,0
93,Донецкая,обл,,3,2,1,213,0,0,0,0,0,0,0,0,0,0,0,0,0,0,0,0,0,0,0,0,0,0,0,0,0,0,0,0
94,Луганская,обл,,1,1,0,0,0,0,0,0,0,0,0,0,0,0,0,0,0,0,0,0,0,0,0,0,0,0,0,0,0,0,0,0
95,Запорожская,обл,,0,0,0,0,0,0,0,0,0,0,0,0,0,0,0,0,0,0,0,0,0,0,0,0,0,0,0,0,0,0,0,0
9,Бурятия,Респ,Кяхта,1,1,1,241,0,0,0,0,0,0,0,0,0,0,0,0,0,0,0,0,0,0,0,0,0,0,0,0,0,0,0,0
9,Бурятия,Респ,Улан-Удэ,20,8,4,222,0,0,0,0,1,205,2,175,0,0,0,0,0,0,0,0,1,0,0,0,0,0,0,0,0,0,0,0
96,Херсонская,обл,,0,0,0,0,0,0,0,0,0,0,0,0,0,0,0,0,0,0,0,0,0,0,0,0,0,0,0,0,0,0,0,0
